Name,Value,Year,lastValue,rank
Amsterdam,1,1486,1,26
Amsterdam,2,1505,1,29
Amsterdam,6,1506,2,21
Amsterdam,2,1507,6,24
Amsterdam,2,1508,2,28
Amsterdam,4,1510,2,27
Amsterdam,1,1512,4,31
Amsterdam,1,1513,1,32
Amsterdam,2,1514,1,29
Amsterdam,2,1517,2,29
Amsterdam,2,1518,2,29
Amsterdam,1,1519,2,31
Amsterdam,9,1520,1,25
Amsterdam,1,1521,9,30
Amsterdam,5,1522,1,29
Amsterdam,7,1523,5,25
Amsterdam,1,1524,7,32
Amsterdam,6,1525,1,23
Amsterdam,9,1526,6,23
Amsterdam,4,1527,9,26
Amsterdam,3,1528,4,29
Amsterdam,2,1529,3,28
Amsterdam,4,1530,2,29
Amsterdam,1,1531,4,31
Amsterdam,5,1532,1,28
Amsterdam,2,1533,5,33
Amsterdam,2,1534,2,31
Amsterdam,5,1535,2,27
Amsterdam,2,1536,5,31
Amsterdam,1,1537,2,33
Amsterdam,1,1538,1,33
Amsterdam,1,1539,1,33
Amsterdam,6,1540,1,33
Amsterdam,2,1541,6,32
Amsterdam,1,1542,2,34
Amsterdam,3,1544,1,32
Amsterdam,2,1545,3,34
Amsterdam,5,1546,2,33
Amsterdam,2,1548,5,34
Amsterdam,4,1549,2,30
Amsterdam,7,1550,4,31
Amsterdam,1,1551,7,33
Amsterdam,2,1552,1,33
Amsterdam,1,1553,2,35
Amsterdam,1,1554,1,35
Amsterdam,4,1555,1,34
Amsterdam,4,1556,4,34
Amsterdam,4,1557,4,34
Amsterdam,4,1558,4,34
Amsterdam,9,1559,4,29
Amsterdam,12,1560,9,30
Amsterdam,2,1561,12,34
Amsterdam,1,1563,2,35
Amsterdam,5,1565,1,35
Amsterdam,7,1566,5,34
Amsterdam,5,1567,7,36
Amsterdam,2,1568,5,36
Amsterdam,2,1569,2,36
Amsterdam,1,1570,2,35
Amsterdam,5,1571,1,34
Amsterdam,7,1572,5,34
Amsterdam,3,1573,7,35
Amsterdam,4,1574,3,33
Amsterdam,4,1575,4,34
Amsterdam,10,1576,4,30
Amsterdam,5,1577,10,34
Amsterdam,8,1578,5,32
Amsterdam,9,1579,8,33
Amsterdam,19,1580,9,29
Amsterdam,3,1581,19,36
Amsterdam,15,1582,3,31
Amsterdam,10,1583,15,33
Amsterdam,12,1584,10,30
Amsterdam,13,1585,12,32
Amsterdam,28,1586,13,28
Amsterdam,23,1587,28,31
Amsterdam,29,1588,23,30
Amsterdam,16,1589,29,32
Amsterdam,33,1590,16,27
Amsterdam,32,1591,33,26
Amsterdam,16,1592,32,29
Amsterdam,20,1593,16,28
Amsterdam,27,1594,20,28
Amsterdam,29,1595,27,29
Amsterdam,38,1596,29,23
Amsterdam,52,1597,38,20
Amsterdam,65,1598,52,17
Amsterdam,69,1599,65,16
Amsterdam,72,1600,69,19
Antwerpen,3,1481,3,20
Antwerpen,5,1482,3,17
Antwerpen,6,1483,5,17
Antwerpen,11,1484,6,14
Antwerpen,11,1485,11,15
Antwerpen,39,1486,11,5
Antwerpen,64,1487,39,2
Antwerpen,32,1488,64,11
Antwerpen,21,1489,32,13
Antwerpen,8,1490,21,17
Antwerpen,42,1491,8,5
Antwerpen,17,1492,42,13
Antwerpen,31,1493,17,12
Antwerpen,18,1494,31,14
Antwerpen,17,1495,18,16
Antwerpen,35,1496,17,12
Antwerpen,16,1497,35,13
Antwerpen,11,1498,16,16
Antwerpen,10,1499,11,17
Antwerpen,33,1500,10,16
Antwerpen,29,1501,33,9
Antwerpen,28,1502,29,9
Antwerpen,17,1503,28,14
Antwerpen,24,1504,17,8
Antwerpen,40,1505,24,8
Antwerpen,28,1506,40,8
Antwerpen,22,1507,28,12
Antwerpen,20,1508,22,12
Antwerpen,26,1509,20,11
Antwerpen,63,1510,26,8
Antwerpen,27,1511,63,9
Antwerpen,40,1512,27,8
Antwerpen,18,1513,40,14
Antwerpen,31,1514,18,11
Antwerpen,50,1515,31,11
Antwerpen,36,1516,50,9
Antwerpen,33,1517,36,9
Antwerpen,50,1518,33,9
Antwerpen,56,1519,50,8
Antwerpen,133,1520,56,7
Antwerpen,66,1521,133,9
Antwerpen,49,1522,66,11
Antwerpen,40,1523,49,13
Antwerpen,61,1524,40,12
Antwerpen,98,1525,61,10
Antwerpen,80,1526,98,9
Antwerpen,109,1527,80,4
Antwerpen,90,1528,109,5
Antwerpen,123,1529,90,3
Antwerpen,159,1530,123,4
Antwerpen,129,1531,159,3
Antwerpen,94,1532,129,5
Antwerpen,115,1533,94,4
Antwerpen,114,1534,115,4
Antwerpen,147,1535,114,4
Antwerpen,136,1536,147,4
Antwerpen,78,1537,136,8
Antwerpen,112,1538,78,4
Antwerpen,108,1539,112,5
Antwerpen,243,1540,108,3
Antwerpen,144,1541,243,4
Antwerpen,140,1542,144,4
Antwerpen,171,1543,140,4
Antwerpen,187,1544,171,4
Antwerpen,144,1545,187,4
Antwerpen,128,1546,144,6
Antwerpen,86,1547,128,5
Antwerpen,67,1548,86,6
Antwerpen,66,1549,67,9
Antwerpen,157,1550,66,5
Antwerpen,129,1551,157,6
Antwerpen,122,1552,129,5
Antwerpen,154,1553,122,5
Antwerpen,142,1554,154,4
Antwerpen,198,1555,142,5
Antwerpen,237,1556,198,4
Antwerpen,148,1557,237,5
Antwerpen,142,1558,148,5
Antwerpen,137,1559,142,5
Antwerpen,128,1560,137,7
Antwerpen,188,1561,128,4
Antwerpen,143,1562,188,6
Antwerpen,153,1563,143,5
Antwerpen,193,1564,153,4
Antwerpen,225,1565,193,4
Antwerpen,230,1566,225,4
Antwerpen,238,1567,230,4
Antwerpen,208,1568,238,4
Antwerpen,153,1569,208,4
Antwerpen,188,1570,153,4
Antwerpen,170,1571,188,3
Antwerpen,210,1572,170,4
Antwerpen,182,1573,210,4
Antwerpen,152,1574,182,6
Antwerpen,233,1575,152,3
Antwerpen,156,1576,233,5
Antwerpen,145,1577,156,4
Antwerpen,183,1578,145,5
Antwerpen,240,1579,183,5
Antwerpen,255,1580,240,4
Antwerpen,245,1581,255,5
Antwerpen,304,1582,245,3
Antwerpen,239,1583,304,4
Antwerpen,221,1584,239,4
Antwerpen,208,1585,221,5
Antwerpen,150,1586,208,6
Antwerpen,166,1587,150,6
Antwerpen,203,1588,166,6
Antwerpen,170,1589,203,6
Antwerpen,118,1590,170,7
Antwerpen,138,1591,118,5
Antwerpen,137,1592,138,5
Antwerpen,155,1593,137,8
Antwerpen,164,1594,155,5
Antwerpen,161,1595,164,6
Antwerpen,161,1596,161,9
Antwerpen,138,1597,161,8
Antwerpen,145,1598,138,9
Antwerpen,146,1599,145,7
Antwerpen,177,1600,146,6
Augsburg,1,1468,1,6
Augsburg,3,1469,1,4
Augsburg,8,1470,3,7
Augsburg,15,1471,8,4
Augsburg,22,1472,15,5
Augsburg,40,1473,22,2
Augsburg,26,1474,40,4
Augsburg,45,1475,26,4
Augsburg,42,1476,45,3
Augsburg,42,1477,42,3
Augsburg,21,1478,42,6
Augsburg,41,1479,21,2
Augsburg,51,1480,41,4
Augsburg,49,1481,51,4
Augsburg,49,1482,49,3
Augsburg,36,1483,49,7
Augsburg,28,1484,36,7
Augsburg,57,1485,28,4
Augsburg,20,1486,57,11
Augsburg,30,1487,20,8
Augsburg,45,1488,30,6
Augsburg,32,1489,45,9
Augsburg,45,1490,32,9
Augsburg,36,1491,45,8
Augsburg,44,1492,36,9
Augsburg,32,1493,44,11
Augsburg,45,1494,32,7
Augsburg,62,1495,45,8
Augsburg,67,1496,62,4
Augsburg,43,1497,67,7
Augsburg,41,1498,43,6
Augsburg,34,1499,41,9
Augsburg,58,1500,34,11
Augsburg,27,1501,58,10
Augsburg,27,1502,27,10
Augsburg,28,1503,27,8
Augsburg,20,1504,28,11
Augsburg,29,1505,20,11
Augsburg,13,1506,29,16
Augsburg,31,1507,13,9
Augsburg,31,1508,31,9
Augsburg,23,1509,31,12
Augsburg,52,1510,23,10
Augsburg,27,1511,52,10
Augsburg,41,1512,27,7
Augsburg,41,1513,41,7
Augsburg,44,1514,41,7
Augsburg,61,1515,44,7
Augsburg,32,1516,61,11
Augsburg,28,1517,32,13
Augsburg,79,1518,28,6
Augsburg,106,1519,79,5
Augsburg,194,1520,106,2
Augsburg,211,1521,194,2
Augsburg,271,1522,211,1
Augsburg,281,1523,271,1
Augsburg,285,1524,281,1
Augsburg,204,1525,285,2
Augsburg,132,1526,204,3
Augsburg,57,1527,132,10
Augsburg,71,1528,57,8
Augsburg,77,1529,71,8
Augsburg,134,1530,77,5
Augsburg,79,1531,134,8
Augsburg,81,1532,79,6
Augsburg,76,1533,81,9
Augsburg,63,1534,76,8
Augsburg,91,1535,63,7
Augsburg,90,1536,91,5
Augsburg,81,1537,90,7
Augsburg,70,1538,81,10
Augsburg,77,1539,70,11
Augsburg,103,1540,77,9
Augsburg,59,1541,103,9
Augsburg,85,1542,59,6
Augsburg,60,1543,85,10
Augsburg,66,1544,60,11
Augsburg,98,1545,66,9
Augsburg,95,1546,98,9
Augsburg,52,1547,95,7
Augsburg,52,1548,52,10
Augsburg,22,1549,52,20
Augsburg,63,1550,22,13
Augsburg,25,1551,63,18
Augsburg,21,1552,25,20
Augsburg,22,1553,21,20
Augsburg,18,1554,22,24
Augsburg,37,1555,18,17
Augsburg,22,1556,37,19
Augsburg,28,1557,22,17
Augsburg,40,1558,28,16
Augsburg,18,1559,40,23
Augsburg,44,1560,18,17
Augsburg,13,1561,44,27
Augsburg,20,1562,13,24
Augsburg,16,1563,20,28
Augsburg,32,1564,16,20
Augsburg,53,1565,32,16
Augsburg,74,1566,53,13
Augsburg,28,1567,74,20
Augsburg,12,1568,28,31
Augsburg,12,1569,12,29
Augsburg,46,1570,12,19
Augsburg,25,1571,46,22
Augsburg,19,1572,25,27
Augsburg,15,1573,19,29
Augsburg,22,1574,15,24
Augsburg,22,1575,22,25
Augsburg,10,1576,22,28
Augsburg,21,1577,10,24
Augsburg,29,1578,21,23
Augsburg,22,1579,29,26
Augsburg,50,1580,22,18
Augsburg,15,1581,50,30
Augsburg,38,1582,15,19
Augsburg,22,1583,38,26
Augsburg,24,1584,22,28
Augsburg,46,1585,24,21
Augsburg,33,1586,46,24
Augsburg,26,1587,33,29
Augsburg,22,1588,26,31
Augsburg,23,1589,22,31
Augsburg,40,1590,23,26
Augsburg,27,1591,40,27
Augsburg,4,1592,27,31
Augsburg,14,1593,4,29
Augsburg,18,1594,14,31
Augsburg,48,1595,18,21
Augsburg,24,1596,48,31
Augsburg,18,1597,24,31
Augsburg,17,1598,18,32
Augsburg,25,1599,17,31
Augsburg,49,1600,25,24
Barcelona,1,1473,1,16
Barcelona,5,1475,1,14
Barcelona,2,1478,5,15
Barcelona,1,1479,2,19
Barcelona,3,1480,1,22
Barcelona,11,1481,3,14
Barcelona,5,1482,11,16
Barcelona,1,1483,5,23
Barcelona,3,1484,1,20
Barcelona,1,1486,3,25
Barcelona,1,1487,1,24
Barcelona,2,1488,1,23
Barcelona,7,1489,2,17
Barcelona,2,1490,7,25
Barcelona,6,1491,2,16
Barcelona,5,1492,6,21
Barcelona,19,1493,5,14
Barcelona,7,1494,19,21
Barcelona,11,1495,7,17
Barcelona,6,1496,11,21
Barcelona,6,1497,6,21
Barcelona,9,1498,6,20
Barcelona,7,1499,9,21
Barcelona,2,1500,7,28
Barcelona,7,1501,2,21
Barcelona,6,1502,7,20
Barcelona,8,1503,6,20
Barcelona,4,1504,8,24
Barcelona,8,1505,4,20
Barcelona,4,1506,8,22
Barcelona,5,1507,4,19
Barcelona,9,1508,5,19
Barcelona,10,1509,9,21
Barcelona,4,1510,10,25
Barcelona,8,1511,4,20
Barcelona,10,1512,8,21
Barcelona,16,1513,10,18
Barcelona,8,1514,16,22
Barcelona,8,1515,8,24
Barcelona,5,1516,8,25
Barcelona,2,1517,5,27
Barcelona,12,1518,2,22
Barcelona,4,1519,12,28
Barcelona,9,1520,4,24
Barcelona,3,1521,9,28
Barcelona,6,1522,3,25
Barcelona,11,1523,6,22
Barcelona,3,1524,11,30
Barcelona,3,1525,3,30
Barcelona,4,1526,3,28
Barcelona,3,1527,4,30
Barcelona,4,1528,3,27
Barcelona,1,1529,4,30
Barcelona,4,1530,1,30
Barcelona,5,1531,4,26
Barcelona,5,1532,5,26
Barcelona,5,1533,5,28
Barcelona,7,1534,5,25
Barcelona,7,1535,7,26
Barcelona,3,1536,7,30
Barcelona,3,1537,3,31
Barcelona,1,1538,3,32
Barcelona,1,1539,1,32
Barcelona,5,1540,1,34
Barcelona,2,1541,5,33
Barcelona,2,1542,2,33
Barcelona,6,1543,2,31
Barcelona,1,1544,6,34
Barcelona,4,1545,1,32
Barcelona,4,1546,4,34
Barcelona,5,1547,4,31
Barcelona,4,1548,5,32
Barcelona,3,1549,4,31
Barcelona,5,1550,3,34
Barcelona,2,1551,5,32
Barcelona,3,1552,2,31
Barcelona,6,1553,3,30
Barcelona,3,1554,6,34
Barcelona,1,1555,3,35
Barcelona,8,1556,1,31
Barcelona,9,1557,8,30
Barcelona,3,1558,9,35
Barcelona,2,1559,3,35
Barcelona,21,1560,2,24
Barcelona,16,1561,21,24
Barcelona,19,1562,16,25
Barcelona,6,1563,19,34
Barcelona,11,1564,6,30
Barcelona,11,1565,11,30
Barcelona,16,1566,11,29
Barcelona,9,1567,16,34
Barcelona,18,1568,9,29
Barcelona,11,1569,18,31
Barcelona,14,1570,11,29
Barcelona,13,1571,14,32
Barcelona,11,1572,13,32
Barcelona,14,1573,11,30
Barcelona,14,1574,14,28
Barcelona,9,1575,14,32
Barcelona,14,1576,9,26
Barcelona,8,1577,14,32
Barcelona,15,1578,8,30
Barcelona,10,1579,15,32
Barcelona,14,1580,10,33
Barcelona,8,1581,14,32
Barcelona,7,1582,8,34
Barcelona,14,1583,7,31
Barcelona,11,1584,14,31
Barcelona,20,1585,11,30
Barcelona,17,1586,20,32
Barcelona,19,1587,17,32
Barcelona,34,1588,19,29
Barcelona,30,1589,34,27
Barcelona,10,1590,30,33
Barcelona,25,1591,10,29
Barcelona,18,1592,25,28
Barcelona,13,1593,18,30
Barcelona,33,1594,13,23
Barcelona,17,1595,33,31
Barcelona,39,1596,17,22
Barcelona,35,1597,39,26
Barcelona,36,1598,35,27
Barcelona,32,1599,36,28
Barcelona,37,1600,32,29
Basel,1,1468,1,5
Basel,1,1470,1,9
Basel,14,1472,1,6
Basel,13,1473,14,8
Basel,35,1474,13,3
Basel,26,1475,35,8
Basel,19,1476,26,8
Basel,12,1477,19,12
Basel,16,1478,12,9
Basel,16,1479,16,9
Basel,25,1480,16,9
Basel,21,1481,25,7
Basel,22,1482,21,10
Basel,14,1483,22,13
Basel,15,1484,14,11
Basel,21,1485,15,12
Basel,36,1486,21,7
Basel,18,1487,36,14
Basel,39,1488,18,7
Basel,49,1489,39,4
Basel,35,1490,49,12
Basel,19,1491,35,14
Basel,28,1492,19,11
Basel,22,1493,28,13
Basel,29,1494,22,11
Basel,40,1495,29,12
Basel,36,1496,40,11
Basel,32,1497,36,10
Basel,35,1498,32,8
Basel,30,1499,35,10
Basel,60,1500,30,10
Basel,21,1501,60,12
Basel,17,1502,21,13
Basel,19,1503,17,12
Basel,14,1504,19,13
Basel,18,1505,14,13
Basel,23,1506,18,10
Basel,22,1507,23,13
Basel,17,1508,22,13
Basel,13,1509,17,17
Basel,26,1510,13,14
Basel,24,1511,26,11
Basel,11,1512,24,19
Basel,24,1513,11,13
Basel,29,1514,24,12
Basel,40,1515,29,12
Basel,34,1516,40,10
Basel,42,1517,34,8
Basel,78,1518,42,7
Basel,97,1519,78,7
Basel,108,1520,97,9
Basel,126,1521,108,5
Basel,114,1522,126,6
Basel,115,1523,114,7
Basel,92,1524,115,7
Basel,63,1525,92,13
Basel,67,1526,63,11
Basel,56,1527,67,11
Basel,60,1528,56,10
Basel,58,1529,60,10
Basel,55,1530,58,11
Basel,55,1531,55,10
Basel,60,1532,55,10
Basel,52,1533,60,10
Basel,62,1534,52,9
Basel,70,1535,62,11
Basel,83,1536,70,8
Basel,85,1537,83,6
Basel,98,1538,85,6
Basel,84,1539,98,7
Basel,113,1540,84,7
Basel,93,1541,113,6
Basel,63,1542,93,10
Basel,107,1543,63,5
Basel,96,1544,107,5
Basel,94,1545,96,10
Basel,100,1546,94,8
Basel,58,1547,100,6
Basel,62,1548,58,8
Basel,93,1549,62,6
Basel,117,1550,93,9
Basel,104,1551,117,7
Basel,69,1552,104,8
Basel,89,1553,69,8
Basel,82,1554,89,8
Basel,101,1555,82,8
Basel,113,1556,101,7
Basel,102,1557,113,6
Basel,95,1558,102,6
Basel,94,1559,95,7
Basel,95,1560,94,9
Basel,110,1561,95,7
Basel,86,1562,110,10
Basel,111,1563,86,7
Basel,71,1564,111,12
Basel,66,1565,71,12
Basel,69,1566,66,14
Basel,75,1567,69,12
Basel,89,1568,75,10
Basel,67,1569,89,13
Basel,84,1570,67,10
Basel,72,1571,84,11
Basel,69,1572,72,12
Basel,71,1573,69,13
Basel,72,1574,71,10
Basel,87,1575,72,9
Basel,80,1576,87,9
Basel,76,1577,80,9
Basel,79,1578,76,9
Basel,94,1579,79,8
Basel,126,1580,94,8
Basel,89,1581,126,8
Basel,127,1582,89,6
Basel,93,1583,127,7
Basel,85,1584,93,10
Basel,69,1585,85,15
Basel,102,1586,69,8
Basel,110,1587,102,8
Basel,116,1588,110,8
Basel,107,1589,116,9
Basel,115,1590,107,8
Basel,98,1591,115,8
Basel,104,1592,98,12
Basel,78,1593,104,14
Basel,86,1594,78,13
Basel,91,1595,86,12
Basel,97,1596,91,13
Basel,101,1597,97,12
Basel,90,1598,101,14
Basel,94,1599,90,12
Basel,102,1600,94,13
Bologna,1,1462,1,2
Bologna,1,1465,1,2
Bologna,1,1470,1,10
Bologna,3,1471,1,10
Bologna,5,1472,3,10
Bologna,3,1473,5,12
Bologna,11,1474,3,10
Bologna,16,1475,11,11
Bologna,8,1476,16,13
Bologna,11,1477,8,13
Bologna,11,1478,11,12
Bologna,7,1479,11,14
Bologna,13,1480,7,13
Bologna,18,1481,13,10
Bologna,18,1482,18,11
Bologna,6,1483,18,16
Bologna,4,1484,6,16
Bologna,14,1485,4,13
Bologna,6,1486,14,18
Bologna,19,1487,6,13
Bologna,13,1488,19,16
Bologna,18,1489,13,15
Bologna,19,1490,18,13
Bologna,20,1491,19,13
Bologna,24,1492,20,12
Bologna,35,1493,24,10
Bologna,25,1494,35,12
Bologna,37,1495,25,13
Bologna,17,1496,37,16
Bologna,27,1497,17,12
Bologna,28,1498,27,12
Bologna,25,1499,28,11
Bologna,35,1500,25,14
Bologna,21,1501,35,13
Bologna,20,1502,21,12
Bologna,20,1503,20,10
Bologna,23,1504,20,9
Bologna,28,1505,23,12
Bologna,21,1506,28,11
Bologna,20,1507,21,14
Bologna,16,1508,20,14
Bologna,17,1509,16,15
Bologna,21,1510,17,15
Bologna,16,1511,21,14
Bologna,13,1512,16,17
Bologna,15,1513,13,19
Bologna,27,1514,15,15
Bologna,20,1515,27,18
Bologna,16,1516,20,17
Bologna,22,1517,16,15
Bologna,24,1518,22,16
Bologna,16,1519,24,19
Bologna,44,1520,16,13
Bologna,25,1521,44,18
Bologna,20,1522,25,17
Bologna,23,1523,20,15
Bologna,20,1524,23,16
Bologna,27,1525,20,15
Bologna,22,1526,27,15
Bologna,7,1527,22,21
Bologna,7,1528,7,19
Bologna,14,1529,7,18
Bologna,23,1530,14,17
Bologna,10,1531,23,21
Bologna,11,1532,10,22
Bologna,17,1533,11,16
Bologna,7,1534,17,22
Bologna,8,1535,7,25
Bologna,13,1536,8,22
Bologna,8,1537,13,23
Bologna,14,1538,8,19
Bologna,22,1539,14,17
Bologna,7,1540,22,32
Bologna,9,1541,7,25
Bologna,10,1542,9,24
Bologna,14,1543,10,24
Bologna,9,1544,14,28
Bologna,8,1545,9,28
Bologna,6,1546,8,30
Bologna,12,1547,6,23
Bologna,23,1548,12,20
Bologna,16,1549,23,23
Bologna,30,1550,16,21
Bologna,18,1551,30,23
Bologna,17,1552,18,22
Bologna,16,1553,17,24
Bologna,23,1554,16,19
Bologna,31,1555,23,18
Bologna,21,1556,31,20
Bologna,40,1557,21,15
Bologna,28,1558,40,20
Bologna,42,1559,28,16
Bologna,62,1560,42,13
Bologna,55,1561,62,14
Bologna,53,1562,55,16
Bologna,71,1563,53,12
Bologna,63,1564,71,15
Bologna,90,1565,63,9
Bologna,81,1566,90,10
Bologna,90,1567,81,9
Bologna,43,1568,90,16
Bologna,28,1569,43,21
Bologna,43,1570,28,20
Bologna,46,1571,43,17
Bologna,40,1572,46,17
Bologna,57,1573,40,15
Bologna,65,1574,57,12
Bologna,64,1575,65,14
Bologna,64,1576,64,13
Bologna,44,1577,64,17
Bologna,30,1578,44,22
Bologna,22,1579,30,25
Bologna,55,1580,22,16
Bologna,27,1581,55,24
Bologna,34,1582,27,21
Bologna,27,1583,34,24
Bologna,38,1584,27,21
Bologna,55,1585,38,18
Bologna,62,1586,55,18
Bologna,75,1587,62,13
Bologna,61,1588,75,16
Bologna,63,1589,61,18
Bologna,62,1590,63,20
Bologna,35,1591,62,22
Bologna,40,1592,35,21
Bologna,38,1593,40,21
Bologna,27,1594,38,27
Bologna,32,1595,27,28
Bologna,33,1596,32,25
Bologna,41,1597,33,22
Bologna,58,1598,41,19
Bologna,54,1599,58,21
Bologna,43,1600,54,26
Erfurt,3,1473,3,13
Erfurt,1,1477,3,18
Erfurt,1,1479,1,20
Erfurt,1,1482,1,25
Erfurt,6,1483,1,18
Erfurt,5,1486,6,20
Erfurt,2,1487,5,22
Erfurt,5,1488,2,19
Erfurt,4,1489,5,18
Erfurt,3,1490,4,22
Erfurt,1,1491,3,25
Erfurt,4,1492,1,23
Erfurt,2,1493,4,24
Erfurt,5,1494,2,22
Erfurt,7,1495,5,22
Erfurt,5,1496,7,22
Erfurt,9,1497,5,18
Erfurt,10,1498,9,17
Erfurt,8,1499,10,20
Erfurt,25,1500,8,18
Erfurt,22,1501,25,11
Erfurt,12,1502,22,15
Erfurt,6,1503,12,22
Erfurt,10,1504,6,17
Erfurt,16,1505,10,15
Erfurt,12,1506,16,17
Erfurt,15,1507,12,16
Erfurt,6,1508,15,21
Erfurt,23,1509,6,13
Erfurt,11,1510,23,20
Erfurt,7,1511,11,22
Erfurt,25,1512,7,14
Erfurt,10,1513,25,22
Erfurt,9,1514,10,21
Erfurt,27,1515,9,16
Erfurt,13,1516,27,20
Erfurt,13,1517,13,19
Erfurt,14,1518,13,20
Erfurt,19,1519,14,18
Erfurt,23,1520,19,19
Erfurt,47,1521,23,12
Erfurt,88,1522,47,7
Erfurt,179,1523,88,4
Erfurt,86,1524,179,8
Erfurt,102,1525,86,8
Erfurt,61,1526,102,12
Erfurt,25,1527,61,14
Erfurt,23,1528,25,16
Erfurt,42,1529,23,12
Erfurt,37,1530,42,15
Erfurt,20,1531,37,17
Erfurt,28,1532,20,15
Erfurt,19,1533,28,15
Erfurt,14,1534,19,19
Erfurt,20,1535,14,18
Erfurt,13,1536,20,21
Erfurt,5,1537,13,27
Erfurt,8,1538,5,25
Erfurt,17,1539,8,19
Erfurt,17,1540,17,18
Erfurt,10,1541,17,23
Erfurt,13,1542,10,22
Erfurt,12,1543,13,25
Erfurt,25,1544,12,17
Erfurt,14,1545,25,22
Erfurt,58,1546,14,13
Erfurt,30,1547,58,14
Erfurt,29,1548,30,17
Erfurt,15,1549,29,24
Erfurt,27,1550,15,23
Erfurt,24,1551,27,20
Erfurt,15,1552,24,25
Erfurt,10,1553,15,26
Erfurt,10,1554,10,28
Erfurt,8,1555,10,32
Erfurt,16,1556,8,24
Erfurt,23,1557,16,19
Erfurt,22,1558,23,21
Erfurt,32,1559,22,17
Erfurt,22,1560,32,22
Erfurt,26,1561,22,20
Erfurt,17,1562,26,27
Erfurt,20,1563,17,25
Erfurt,29,1564,20,21
Erfurt,32,1565,29,20
Erfurt,21,1566,32,23
Erfurt,10,1567,21,32
Erfurt,26,1568,10,23
Erfurt,11,1569,26,30
Erfurt,15,1570,11,27
Erfurt,31,1571,15,21
Erfurt,24,1572,31,23
Erfurt,22,1573,24,24
Erfurt,19,1574,22,25
Erfurt,24,1575,19,24
Erfurt,14,1576,24,24
Erfurt,19,1577,14,25
Erfurt,29,1578,19,24
Erfurt,13,1579,29,30
Erfurt,32,1580,13,24
Erfurt,35,1581,32,19
Erfurt,25,1582,35,25
Erfurt,34,1583,25,21
Erfurt,30,1584,34,27
Erfurt,29,1585,30,27
Erfurt,45,1586,29,21
Erfurt,55,1587,45,20
Erfurt,44,1588,55,22
Erfurt,36,1589,44,25
Erfurt,46,1590,36,24
Erfurt,32,1591,46,25
Erfurt,36,1592,32,23
Erfurt,40,1593,36,20
Erfurt,38,1594,40,21
Erfurt,41,1595,38,25
Erfurt,28,1596,41,29
Erfurt,28,1597,28,28
Erfurt,27,1598,28,29
Erfurt,29,1599,27,30
Erfurt,24,1600,29,30
Firenze,1,1471,1,11
Firenze,3,1472,1,13
Firenze,1,1473,3,15
Firenze,1,1474,1,13
Firenze,1,1475,1,17
Firenze,3,1476,1,16
Firenze,15,1477,3,11
Firenze,12,1478,15,11
Firenze,5,1479,12,16
Firenze,13,1480,5,14
Firenze,16,1481,13,11
Firenze,13,1482,16,12
Firenze,16,1483,13,11
Firenze,6,1484,16,15
Firenze,27,1485,6,10
Firenze,6,1486,27,17
Firenze,22,1487,6,11
Firenze,14,1488,22,15
Firenze,22,1489,14,12
Firenze,77,1490,22,6
Firenze,23,1491,77,12
Firenze,38,1492,23,10
Firenze,16,1493,38,15
Firenze,20,1494,16,13
Firenze,76,1495,20,6
Firenze,54,1496,76,5
Firenze,66,1497,54,5
Firenze,31,1498,66,11
Firenze,8,1499,31,19
Firenze,94,1500,8,8
Firenze,2,1501,94,25
Firenze,3,1502,2,22
Firenze,9,1503,3,17
Firenze,10,1504,9,16
Firenze,32,1505,10,10
Firenze,6,1506,32,20
Firenze,6,1507,6,18
Firenze,16,1508,6,15
Firenze,13,1509,16,18
Firenze,32,1510,13,13
Firenze,6,1511,32,23
Firenze,10,1512,6,22
Firenze,18,1513,10,16
Firenze,27,1514,18,14
Firenze,53,1515,27,9
Firenze,30,1516,53,12
Firenze,23,1517,30,14
Firenze,20,1518,23,18
Firenze,31,1519,20,14
Firenze,32,1520,31,15
Firenze,19,1521,32,19
Firenze,15,1522,19,19
Firenze,8,1523,15,24
Firenze,13,1524,8,18
Firenze,12,1525,13,19
Firenze,15,1526,12,17
Firenze,7,1527,15,22
Firenze,5,1528,7,22
Firenze,16,1529,5,17
Firenze,6,1530,16,25
Firenze,4,1531,6,27
Firenze,7,1532,4,23
Firenze,7,1533,7,24
Firenze,6,1534,7,27
Firenze,4,1535,6,30
Firenze,4,1536,4,29
Firenze,12,1537,4,20
Firenze,3,1538,12,30
Firenze,7,1539,3,26
Firenze,8,1540,7,30
Firenze,2,1541,8,31
Firenze,5,1542,2,31
Firenze,9,1543,5,28
Firenze,7,1544,9,30
Firenze,6,1545,7,31
Firenze,21,1546,6,21
Firenze,27,1547,21,16
Firenze,41,1548,27,12
Firenze,45,1549,41,12
Firenze,76,1550,45,11
Firenze,51,1551,76,13
Firenze,34,1552,51,17
Firenze,34,1553,34,16
Firenze,59,1554,34,13
Firenze,38,1555,59,16
Firenze,42,1556,38,15
Firenze,22,1557,42,20
Firenze,39,1558,22,17
Firenze,27,1559,39,19
Firenze,37,1560,27,19
Firenze,67,1561,37,12
Firenze,60,1562,67,14
Firenze,42,1563,60,17
Firenze,50,1564,42,17
Firenze,32,1565,50,19
Firenze,64,1566,32,17
Firenze,52,1567,64,16
Firenze,113,1568,52,6
Firenze,66,1569,113,14
Firenze,76,1570,66,14
Firenze,95,1571,76,8
Firenze,138,1572,95,6
Firenze,78,1573,138,9
Firenze,179,1574,78,4
Firenze,185,1575,179,5
Firenze,125,1576,185,6
Firenze,135,1577,125,6
Firenze,151,1578,135,6
Firenze,64,1579,151,11
Firenze,89,1580,64,12
Firenze,63,1581,89,14
Firenze,60,1582,63,13
Firenze,77,1583,60,12
Firenze,77,1584,77,12
Firenze,85,1585,77,13
Firenze,56,1586,85,19
Firenze,88,1587,56,10
Firenze,100,1588,88,10
Firenze,88,1589,100,11
Firenze,87,1590,88,12
Firenze,73,1591,87,15
Firenze,53,1592,73,16
Firenze,51,1593,53,17
Firenze,48,1594,51,19
Firenze,54,1595,48,19
Firenze,54,1596,54,19
Firenze,40,1597,54,23
Firenze,51,1598,40,22
Firenze,46,1599,51,24
Firenze,87,1600,46,17
Frankfurt am Main,1,1506,1,29
Frankfurt am Main,2,1511,1,28
Frankfurt am Main,5,1512,2,26
Frankfurt am Main,1,1524,5,35
Frankfurt am Main,3,1530,1,34
Frankfurt am Main,31,1531,3,15
Frankfurt am Main,23,1532,31,17
Frankfurt am Main,15,1533,23,18
Frankfurt am Main,20,1534,15,16
Frankfurt am Main,57,1535,20,12
Frankfurt am Main,29,1536,57,13
Frankfurt am Main,25,1537,29,14
Frankfurt am Main,23,1538,25,15
Frankfurt am Main,29,1539,23,14
Frankfurt am Main,29,1540,29,14
Frankfurt am Main,43,1541,29,13
Frankfurt am Main,36,1542,43,13
Frankfurt am Main,44,1543,36,13
Frankfurt am Main,55,1544,44,12
Frankfurt am Main,63,1545,55,12
Frankfurt am Main,61,1546,63,12
Frankfurt am Main,12,1547,61,21
Frankfurt am Main,38,1548,12,13
Frankfurt am Main,51,1549,38,11
Frankfurt am Main,79,1550,51,10
Frankfurt am Main,72,1551,79,9
Frankfurt am Main,50,1552,72,13
Frankfurt am Main,55,1553,50,11
Frankfurt am Main,54,1554,55,14
Frankfurt am Main,65,1555,54,13
Frankfurt am Main,69,1556,65,10
Frankfurt am Main,76,1557,69,8
Frankfurt am Main,64,1558,76,11
Frankfurt am Main,52,1559,64,13
Frankfurt am Main,79,1560,52,12
Frankfurt am Main,77,1561,79,10
Frankfurt am Main,94,1562,77,9
Frankfurt am Main,98,1563,94,8
Frankfurt am Main,113,1564,98,6
Frankfurt am Main,104,1565,113,7
Frankfurt am Main,116,1566,104,7
Frankfurt am Main,101,1567,116,6
Frankfurt am Main,92,1568,101,8
Frankfurt am Main,85,1569,92,7
Frankfurt am Main,81,1570,85,11
Frankfurt am Main,97,1571,81,7
Frankfurt am Main,86,1572,97,8
Frankfurt am Main,78,1573,86,10
Frankfurt am Main,101,1574,78,7
Frankfurt am Main,103,1575,101,8
Frankfurt am Main,87,1576,103,8
Frankfurt am Main,94,1577,87,8
Frankfurt am Main,99,1578,94,7
Frankfurt am Main,94,1579,99,7
Frankfurt am Main,109,1580,94,9
Frankfurt am Main,102,1581,109,7
Frankfurt am Main,81,1582,102,9
Frankfurt am Main,98,1583,81,6
Frankfurt am Main,96,1584,98,9
Frankfurt am Main,99,1585,96,10
Frankfurt am Main,83,1586,99,11
Frankfurt am Main,87,1587,83,11
Frankfurt am Main,87,1588,87,12
Frankfurt am Main,121,1589,87,8
Frankfurt am Main,128,1590,121,6
Frankfurt am Main,150,1591,128,4
Frankfurt am Main,120,1592,150,8
Frankfurt am Main,115,1593,120,11
Frankfurt am Main,139,1594,115,9
Frankfurt am Main,152,1595,139,7
Frankfurt am Main,175,1596,152,8
Frankfurt am Main,168,1597,175,5
Frankfurt am Main,138,1598,168,10
Frankfurt am Main,132,1599,138,8
Frankfurt am Main,156,1600,132,8
Geneva,6,1478,6,13
Geneva,10,1479,6,11
Geneva,14,1480,10,11
Geneva,8,1481,14,15
Geneva,3,1482,8,18
Geneva,1,1483,3,24
Geneva,1,1485,1,23
Geneva,11,1487,1,15
Geneva,3,1488,11,20
Geneva,7,1490,3,18
Geneva,3,1491,7,20
Geneva,3,1492,3,24
Geneva,5,1493,3,23
Geneva,4,1494,5,24
Geneva,9,1495,4,21
Geneva,3,1497,9,26
Geneva,3,1498,3,25
Geneva,3,1499,3,27
Geneva,9,1500,3,22
Geneva,1,1502,9,26
Geneva,6,1503,1,23
Geneva,2,1504,6,27
Geneva,4,1505,2,23
Geneva,1,1506,4,26
Geneva,4,1507,1,23
Geneva,3,1508,4,25
Geneva,3,1509,3,26
Geneva,8,1510,3,23
Geneva,2,1511,8,26
Geneva,3,1512,2,28
Geneva,6,1513,3,24
Geneva,3,1514,6,27
Geneva,5,1515,3,27
Geneva,3,1516,5,28
Geneva,5,1517,3,25
Geneva,1,1518,5,30
Geneva,3,1519,1,29
Geneva,8,1520,3,27
Geneva,1,1521,8,31
Geneva,7,1522,1,24
Geneva,4,1523,7,29
Geneva,6,1524,4,24
Geneva,6,1525,6,22
Geneva,3,1526,6,29
Geneva,2,1527,3,31
Geneva,2,1529,2,29
Geneva,3,1530,2,32
Geneva,2,1531,3,30
Geneva,2,1532,2,32
Geneva,3,1533,2,30
Geneva,2,1535,3,33
Geneva,5,1536,2,26
Geneva,5,1537,5,29
Geneva,11,1538,5,22
Geneva,14,1539,11,21
Geneva,16,1540,14,21
Geneva,16,1541,16,19
Geneva,23,1542,16,18
Geneva,43,1543,23,14
Geneva,47,1544,43,14
Geneva,29,1545,47,18
Geneva,10,1546,29,27
Geneva,12,1547,10,22
Geneva,18,1548,12,24
Geneva,23,1549,18,19
Geneva,44,1550,23,17
Geneva,67,1551,44,10
Geneva,65,1552,67,9
Geneva,43,1553,65,14
Geneva,67,1554,43,11
Geneva,72,1555,67,12
Geneva,75,1556,72,9
Geneva,70,1557,75,10
Geneva,84,1558,70,9
Geneva,78,1559,84,8
Geneva,96,1560,78,8
Geneva,103,1561,96,8
Geneva,96,1562,103,8
Geneva,89,1563,96,10
Geneva,51,1564,89,16
Geneva,63,1565,51,15
Geneva,94,1566,63,8
Geneva,48,1567,94,17
Geneva,41,1568,48,17
Geneva,59,1569,41,15
Geneva,67,1570,59,15
Geneva,35,1571,67,18
Geneva,30,1572,35,20
Geneva,49,1573,30,16
Geneva,46,1574,49,16
Geneva,52,1575,46,16
Geneva,41,1576,52,18
Geneva,74,1577,41,10
Geneva,80,1578,74,8
Geneva,61,1579,80,12
Geneva,130,1580,61,6
Geneva,72,1581,130,12
Geneva,75,1582,72,11
Geneva,90,1583,75,9
Geneva,76,1584,90,13
Geneva,106,1585,76,9
Geneva,77,1586,106,12
Geneva,73,1587,77,15
Geneva,75,1588,73,14
Geneva,63,1589,75,16
Geneva,78,1590,63,14
Geneva,77,1591,78,14
Geneva,106,1592,77,11
Geneva,107,1593,106,13
Geneva,101,1594,107,12
Geneva,87,1595,101,13
Geneva,112,1596,87,12
Geneva,64,1597,112,18
Geneva,100,1598,64,11
Geneva,66,1599,100,18
Geneva,108,1600,66,11
Ingolstadt,4,1484,4,18
Ingolstadt,4,1487,4,20
Ingolstadt,2,1489,4,21
Ingolstadt,2,1490,2,27
Ingolstadt,6,1492,2,20
Ingolstadt,5,1493,6,22
Ingolstadt,1,1494,5,26
Ingolstadt,2,1495,1,26
Ingolstadt,4,1496,2,24
Ingolstadt,3,1497,4,25
Ingolstadt,4,1499,3,25
Ingolstadt,1,1505,4,30
Ingolstadt,8,1519,1,24
Ingolstadt,3,1520,8,30
Ingolstadt,12,1521,3,23
Ingolstadt,5,1522,12,27
Ingolstadt,2,1523,5,32
Ingolstadt,3,1524,2,31
Ingolstadt,5,1526,3,25
Ingolstadt,7,1527,5,23
Ingolstadt,3,1528,7,28
Ingolstadt,3,1529,3,26
Ingolstadt,3,1530,3,31
Ingolstadt,4,1532,3,30
Ingolstadt,7,1533,4,25
Ingolstadt,2,1534,7,29
Ingolstadt,1,1536,2,34
Ingolstadt,1,1539,1,34
Ingolstadt,14,1540,1,23
Ingolstadt,19,1541,14,18
Ingolstadt,16,1542,19,21
Ingolstadt,20,1543,16,20
Ingolstadt,37,1544,20,16
Ingolstadt,24,1545,37,20
Ingolstadt,34,1546,24,17
Ingolstadt,20,1547,34,18
Ingolstadt,20,1548,20,22
Ingolstadt,21,1549,20,21
Ingolstadt,22,1550,21,26
Ingolstadt,21,1551,22,21
Ingolstadt,2,1552,21,32
Ingolstadt,5,1553,2,31
Ingolstadt,5,1554,5,32
Ingolstadt,11,1555,5,29
Ingolstadt,16,1556,11,23
Ingolstadt,9,1557,16,28
Ingolstadt,13,1558,9,28
Ingolstadt,12,1559,13,28
Ingolstadt,11,1560,12,31
Ingolstadt,13,1561,11,28
Ingolstadt,26,1562,13,22
Ingolstadt,26,1563,26,18
Ingolstadt,32,1564,26,19
Ingolstadt,34,1565,32,18
Ingolstadt,31,1566,34,19
Ingolstadt,33,1567,31,19
Ingolstadt,34,1568,33,20
Ingolstadt,30,1569,34,18
Ingolstadt,36,1570,30,22
Ingolstadt,34,1571,36,20
Ingolstadt,38,1572,34,18
Ingolstadt,29,1573,38,21
Ingolstadt,16,1574,29,26
Ingolstadt,30,1575,16,21
Ingolstadt,36,1576,30,19
Ingolstadt,56,1577,36,14
Ingolstadt,47,1578,56,15
Ingolstadt,45,1579,47,16
Ingolstadt,39,1580,45,20
Ingolstadt,46,1581,39,17
Ingolstadt,44,1582,46,17
Ingolstadt,47,1583,44,17
Ingolstadt,67,1584,47,15
Ingolstadt,49,1585,67,20
Ingolstadt,49,1586,49,20
Ingolstadt,53,1587,49,22
Ingolstadt,43,1588,53,23
Ingolstadt,63,1589,43,19
Ingolstadt,64,1590,63,19
Ingolstadt,40,1591,64,21
Ingolstadt,53,1592,40,17
Ingolstadt,49,1593,53,18
Ingolstadt,54,1594,49,18
Ingolstadt,64,1595,54,17
Ingolstadt,34,1596,64,24
Ingolstadt,38,1597,34,24
Ingolstadt,51,1598,38,23
Ingolstadt,53,1599,51,22
Ingolstadt,48,1600,53,25
Jena,3,1523,3,31
Jena,10,1524,3,21
Jena,3,1553,10,32
Jena,20,1554,3,23
Jena,16,1555,20,22
Jena,14,1556,16,26
Jena,10,1557,14,27
Jena,32,1558,10,18
Jena,30,1559,32,18
Jena,23,1560,30,21
Jena,20,1561,23,22
Jena,29,1562,20,21
Jena,10,1563,29,31
Jena,16,1564,10,27
Jena,17,1565,16,28
Jena,29,1566,17,20
Jena,18,1567,29,26
Jena,19,1568,18,26
Jena,24,1569,19,23
Jena,41,1570,24,21
Jena,58,1571,41,14
Jena,54,1572,58,14
Jena,16,1573,54,28
Jena,16,1574,16,27
Jena,12,1575,16,28
Jena,10,1576,12,29
Jena,13,1577,10,30
Jena,10,1578,13,31
Jena,8,1579,10,34
Jena,16,1580,8,31
Jena,16,1581,16,29
Jena,12,1582,16,33
Jena,15,1583,12,30
Jena,6,1584,15,34
Jena,16,1585,6,31
Jena,25,1586,16,31
Jena,33,1587,25,26
Jena,37,1588,33,27
Jena,60,1589,37,20
Jena,96,1590,60,9
Jena,90,1591,96,11
Jena,108,1592,90,10
Jena,168,1593,108,7
Jena,159,1594,168,6
Jena,148,1595,159,8
Jena,95,1596,148,14
Jena,103,1597,95,11
Jena,158,1598,103,5
Jena,154,1599,158,6
Jena,184,1600,154,5
Koeln,1,1465,1,3
Koeln,2,1466,1,2
Koeln,14,1467,2,1
Koeln,2,1468,14,2
Koeln,1,1469,2,5
Koeln,62,1470,1,1
Koeln,18,1471,62,3
Koeln,69,1472,18,2
Koeln,35,1473,69,3
Koeln,24,1474,35,6
Koeln,68,1475,24,2
Koeln,21,1476,68,7
Koeln,39,1477,21,4
Koeln,51,1478,39,2
Koeln,35,1479,51,4
Koeln,65,1480,35,3
Koeln,50,1481,65,3
Koeln,48,1482,50,4
Koeln,24,1483,48,10
Koeln,22,1484,24,8
Koeln,48,1485,22,5
Koeln,50,1486,48,2
Koeln,59,1487,50,4
Koeln,32,1488,59,12
Koeln,46,1489,32,6
Koeln,83,1490,46,5
Koeln,29,1491,83,10
Koeln,53,1492,29,5
Koeln,41,1493,53,8
Koeln,53,1494,41,4
Koeln,61,1495,53,9
Koeln,41,1496,61,8
Koeln,28,1497,41,11
Koeln,52,1498,28,5
Koeln,54,1499,52,6
Koeln,133,1500,54,6
Koeln,71,1501,133,3
Koeln,38,1502,71,6
Koeln,64,1503,38,4
Koeln,42,1504,64,5
Koeln,125,1505,42,3
Koeln,79,1506,125,3
Koeln,57,1507,79,6
Koeln,81,1508,57,3
Koeln,62,1509,81,6
Koeln,107,1510,62,3
Koeln,30,1511,107,8
Koeln,28,1512,30,12
Koeln,57,1513,28,6
Koeln,52,1514,57,6
Koeln,51,1515,52,10
Koeln,51,1516,51,6
Koeln,57,1517,51,7
Koeln,53,1518,57,8
Koeln,38,1519,53,13
Koeln,96,1520,38,11
Koeln,63,1521,96,10
Koeln,69,1522,63,10
Koeln,71,1523,69,10
Koeln,69,1524,71,10
Koeln,98,1525,69,9
Koeln,87,1526,98,7
Koeln,88,1527,87,7
Koeln,78,1528,88,6
Koeln,115,1529,78,4
Koeln,97,1530,115,10
Koeln,88,1531,97,7
Koeln,106,1532,88,4
Koeln,78,1533,106,7
Koeln,71,1534,78,7
Koeln,80,1535,71,8
Koeln,76,1536,80,10
Koeln,88,1537,76,5
Koeln,68,1538,88,11
Koeln,79,1539,68,10
Koeln,82,1540,79,10
Koeln,61,1541,82,8
Koeln,54,1542,61,11
Koeln,67,1543,54,9
Koeln,80,1544,67,8
Koeln,114,1545,80,7
Koeln,56,1546,114,14
Koeln,34,1547,56,12
Koeln,43,1548,34,11
Koeln,43,1549,43,13
Koeln,69,1550,43,12
Koeln,43,1551,69,16
Koeln,47,1552,43,14
Koeln,54,1553,47,12
Koeln,68,1554,54,10
Koeln,92,1555,68,9
Koeln,60,1556,92,13
Koeln,56,1557,60,13
Koeln,69,1558,56,10
Koeln,68,1559,69,9
Koeln,94,1560,68,10
Koeln,70,1561,94,11
Koeln,113,1562,70,7
Koeln,93,1563,113,9
Koeln,105,1564,93,7
Koeln,65,1565,105,13
Koeln,75,1566,65,12
Koeln,79,1567,75,10
Koeln,85,1568,79,12
Koeln,81,1569,85,8
Koeln,103,1570,81,8
Koeln,78,1571,103,10
Koeln,80,1572,78,11
Koeln,80,1573,80,8
Koeln,97,1574,80,8
Koeln,104,1575,97,7
Koeln,94,1576,104,7
Koeln,94,1577,94,7
Koeln,74,1578,94,11
Koeln,103,1579,74,6
Koeln,71,1580,103,13
Koeln,77,1581,71,10
Koeln,78,1582,77,10
Koeln,83,1583,78,10
Koeln,69,1584,83,14
Koeln,94,1585,69,11
Koeln,68,1586,94,17
Koeln,102,1587,68,9
Koeln,95,1588,102,11
Koeln,132,1589,95,7
Koeln,71,1590,132,17
Koeln,129,1591,71,7
Koeln,86,1592,129,13
Koeln,189,1593,86,4
Koeln,85,1594,189,14
Koeln,87,1595,85,14
Koeln,212,1596,87,5
Koeln,80,1597,212,16
Koeln,84,1598,80,15
Koeln,81,1599,84,14
Koeln,93,1600,81,15
Krakow,2,1475,2,16
Krakow,3,1491,2,23
Krakow,1,1493,3,25
Krakow,1,1500,1,29
Krakow,9,1503,1,18
Krakow,14,1504,9,14
Krakow,8,1505,14,19
Krakow,15,1506,8,15
Krakow,15,1507,15,15
Krakow,13,1508,15,16
Krakow,9,1509,13,22
Krakow,14,1510,9,18
Krakow,8,1511,14,18
Krakow,29,1512,8,11
Krakow,24,1513,29,12
Krakow,21,1514,24,16
Krakow,23,1515,21,17
Krakow,15,1516,23,18
Krakow,18,1517,15,17
Krakow,33,1518,18,13
Krakow,25,1519,33,15
Krakow,9,1520,25,23
Krakow,28,1521,9,17
Krakow,38,1522,28,14
Krakow,15,1523,38,18
Krakow,49,1524,15,13
Krakow,24,1525,49,16
Krakow,13,1526,24,20
Krakow,41,1527,13,12
Krakow,32,1528,41,14
Krakow,22,1529,32,15
Krakow,40,1530,22,13
Krakow,36,1531,40,14
Krakow,42,1532,36,11
Krakow,24,1533,42,14
Krakow,31,1534,24,15
Krakow,36,1535,31,15
Krakow,23,1536,36,14
Krakow,23,1537,23,15
Krakow,34,1538,23,14
Krakow,32,1539,34,13
Krakow,31,1540,32,13
Krakow,45,1541,31,12
Krakow,21,1542,45,19
Krakow,38,1543,21,15
Krakow,23,1544,38,18
Krakow,36,1545,23,16
Krakow,30,1546,36,18
Krakow,11,1547,30,24
Krakow,32,1548,11,16
Krakow,25,1549,32,18
Krakow,25,1550,25,24
Krakow,14,1551,25,26
Krakow,9,1552,14,28
Krakow,33,1553,9,17
Krakow,14,1554,33,27
Krakow,9,1555,14,31
Krakow,32,1556,9,17
Krakow,16,1557,32,24
Krakow,30,1558,16,19
Krakow,18,1559,30,24
Krakow,16,1560,18,27
Krakow,35,1561,16,18
Krakow,31,1562,35,20
Krakow,14,1563,31,29
Krakow,40,1564,14,18
Krakow,23,1565,40,23
Krakow,20,1566,23,25
Krakow,28,1567,20,21
Krakow,35,1568,28,18
Krakow,22,1569,35,24
Krakow,20,1570,22,25
Krakow,18,1571,20,27
Krakow,24,1572,18,25
Krakow,32,1573,24,19
Krakow,36,1574,32,18
Krakow,21,1575,36,26
Krakow,11,1576,21,27
Krakow,17,1577,11,26
Krakow,20,1578,17,29
Krakow,18,1579,20,28
Krakow,18,1580,18,30
Krakow,26,1581,18,25
Krakow,34,1582,26,22
Krakow,38,1583,34,18
Krakow,36,1584,38,23
Krakow,45,1585,36,22
Krakow,32,1586,45,25
Krakow,75,1587,32,14
Krakow,57,1588,75,20
Krakow,23,1589,57,30
Krakow,50,1590,23,22
Krakow,26,1591,50,28
Krakow,28,1592,26,26
Krakow,20,1593,28,26
Krakow,29,1594,20,25
Krakow,40,1595,29,26
Krakow,32,1596,40,26
Krakow,35,1597,32,27
Krakow,52,1598,35,21
Krakow,32,1599,52,27
Krakow,39,1600,32,27
Leiden,3,1483,3,21
Leiden,2,1484,3,22
Leiden,3,1494,2,25
Leiden,6,1495,3,24
Leiden,14,1496,6,17
Leiden,3,1497,14,24
Leiden,6,1498,3,22
Leiden,2,1499,6,28
Leiden,8,1500,2,24
Leiden,10,1501,8,19
Leiden,7,1502,10,19
Leiden,7,1503,7,21
Leiden,5,1504,7,23
Leiden,5,1505,5,21
Leiden,1,1506,5,25
Leiden,5,1508,1,22
Leiden,8,1509,5,23
Leiden,12,1510,8,19
Leiden,3,1511,12,25
Leiden,5,1512,3,25
Leiden,1,1513,5,29
Leiden,7,1514,1,25
Leiden,13,1515,7,23
Leiden,4,1516,13,26
Leiden,2,1517,4,28
Leiden,10,1518,2,24
Leiden,7,1519,10,25
Leiden,3,1520,7,31
Leiden,8,1521,3,25
Leiden,2,1522,8,30
Leiden,1,1523,2,33
Leiden,1,1524,1,34
Leiden,1,1526,1,33
Leiden,7,1530,1,24
Leiden,1,1532,7,34
Leiden,1,1533,1,34
Leiden,3,1534,1,28
Leiden,3,1535,3,32
Leiden,1,1536,3,33
Leiden,7,1537,1,24
Leiden,4,1538,7,28
Leiden,2,1539,4,31
Leiden,13,1540,2,25
Leiden,3,1541,13,29
Leiden,5,1542,3,30
Leiden,4,1543,5,32
Leiden,2,1544,4,33
Leiden,3,1545,2,33
Leiden,13,1546,3,25
Leiden,1,1547,13,33
Leiden,2,1548,1,33
Leiden,6,1550,2,33
Leiden,1,1551,6,34
Leiden,1,1552,1,34
Leiden,2,1553,1,34
Leiden,4,1554,2,33
Leiden,6,1555,4,33
Leiden,1,1556,6,35
Leiden,5,1557,1,33
Leiden,6,1558,5,33
Leiden,4,1559,6,34
Leiden,14,1560,4,28
Leiden,2,1561,14,33
Leiden,4,1562,2,34
Leiden,9,1563,4,32
Leiden,6,1564,9,33
Leiden,8,1565,6,32
Leiden,5,1566,8,35
Leiden,10,1567,5,33
Leiden,3,1568,10,35
Leiden,4,1569,3,34
Leiden,11,1571,4,33
Leiden,4,1572,11,36
Leiden,1,1573,4,36
Leiden,4,1574,1,34
Leiden,1,1575,4,35
Leiden,4,1576,1,35
Leiden,10,1577,4,31
Leiden,26,1578,10,25
Leiden,27,1579,26,21
Leiden,35,1580,27,21
Leiden,32,1581,35,22
Leiden,28,1582,32,23
Leiden,25,1583,28,25
Leiden,80,1584,25,11
Leiden,111,1585,80,8
Leiden,75,1586,111,13
Leiden,62,1587,75,17
Leiden,70,1588,62,15
Leiden,63,1589,70,17
Leiden,77,1590,63,15
Leiden,98,1591,77,9
Leiden,123,1592,98,6
Leiden,129,1593,123,10
Leiden,108,1594,129,11
Leiden,132,1595,108,11
Leiden,188,1596,132,7
Leiden,221,1597,188,4
Leiden,235,1598,221,4
Leiden,270,1599,235,4
Leiden,303,1600,270,4
Leipzig,5,1480,5,20
Leipzig,7,1481,5,17
Leipzig,7,1482,7,14
Leipzig,16,1483,7,12
Leipzig,13,1484,16,12
Leipzig,28,1485,13,9
Leipzig,37,1486,28,6
Leipzig,33,1487,37,7
Leipzig,64,1488,33,4
Leipzig,63,1489,64,3
Leipzig,96,1490,63,3
Leipzig,37,1491,96,6
Leipzig,104,1492,37,3
Leipzig,69,1493,104,3
Leipzig,77,1494,69,3
Leipzig,176,1495,77,2
Leipzig,67,1496,176,3
Leipzig,111,1497,67,3
Leipzig,102,1498,111,3
Leipzig,95,1499,102,3
Leipzig,151,1500,95,4
Leipzig,62,1501,151,5
Leipzig,66,1502,62,3
Leipzig,87,1503,66,3
Leipzig,83,1504,87,3
Leipzig,106,1505,83,4
Leipzig,51,1506,106,5
Leipzig,94,1507,51,3
Leipzig,75,1508,94,4
Leipzig,87,1509,75,3
Leipzig,95,1510,87,4
Leipzig,83,1511,95,4
Leipzig,111,1512,83,3
Leipzig,81,1513,111,5
Leipzig,91,1514,81,3
Leipzig,132,1515,91,2
Leipzig,120,1516,132,3
Leipzig,103,1517,120,4
Leipzig,172,1518,103,2
Leipzig,190,1519,172,2
Leipzig,188,1520,190,3
Leipzig,118,1521,188,6
Leipzig,120,1522,118,5
Leipzig,41,1523,120,12
Leipzig,25,1524,41,15
Leipzig,64,1525,25,12
Leipzig,60,1526,64,13
Leipzig,35,1527,60,13
Leipzig,46,1528,35,12
Leipzig,40,1529,46,13
Leipzig,46,1530,40,12
Leipzig,47,1531,46,12
Leipzig,36,1532,47,13
Leipzig,42,1533,36,12
Leipzig,53,1534,42,12
Leipzig,45,1535,53,13
Leipzig,34,1536,45,12
Leipzig,47,1537,34,12
Leipzig,65,1538,47,12
Leipzig,47,1539,65,12
Leipzig,49,1540,47,12
Leipzig,37,1541,49,14
Leipzig,41,1542,37,12
Leipzig,45,1543,41,12
Leipzig,48,1544,45,13
Leipzig,54,1545,48,13
Leipzig,39,1546,54,16
Leipzig,35,1547,39,11
Leipzig,34,1548,35,15
Leipzig,57,1549,34,10
Leipzig,56,1550,57,14
Leipzig,80,1551,56,8
Leipzig,64,1552,80,10
Leipzig,74,1553,64,9
Leipzig,59,1554,74,12
Leipzig,47,1555,59,15
Leipzig,45,1556,47,14
Leipzig,50,1557,45,14
Leipzig,45,1558,50,15
Leipzig,62,1559,45,11
Leipzig,51,1560,62,16
Leipzig,64,1561,51,13
Leipzig,71,1562,64,11
Leipzig,78,1563,71,11
Leipzig,66,1564,78,14
Leipzig,78,1565,66,11
Leipzig,66,1566,78,16
Leipzig,58,1567,66,14
Leipzig,71,1568,58,13
Leipzig,75,1569,71,9
Leipzig,97,1570,75,9
Leipzig,71,1571,97,12
Leipzig,83,1572,71,9
Leipzig,77,1573,83,11
Leipzig,61,1574,77,13
Leipzig,70,1575,61,13
Leipzig,70,1576,70,11
Leipzig,59,1577,70,13
Leipzig,78,1578,59,10
Leipzig,81,1579,78,9
Leipzig,95,1580,81,11
Leipzig,82,1581,95,9
Leipzig,98,1582,82,8
Leipzig,76,1583,98,13
Leipzig,110,1584,76,8
Leipzig,87,1585,110,12
Leipzig,100,1586,87,9
Leipzig,82,1587,100,12
Leipzig,101,1588,82,9
Leipzig,77,1589,101,14
Leipzig,95,1590,77,10
Leipzig,77,1591,95,13
Leipzig,120,1592,77,9
Leipzig,114,1593,120,12
Leipzig,115,1594,114,10
Leipzig,133,1595,115,9
Leipzig,130,1596,133,11
Leipzig,126,1597,130,9
Leipzig,95,1598,126,12
Leipzig,119,1599,95,10
Leipzig,107,1600,119,12
London,1,1478,1,20
London,4,1480,1,21
London,5,1481,4,18
London,6,1482,5,15
London,8,1483,6,15
London,3,1484,8,19
London,7,1485,3,17
London,4,1486,7,21
London,2,1488,4,24
London,1,1489,2,24
London,3,1490,1,23
London,1,1491,3,26
London,5,1492,1,22
London,10,1493,5,18
London,13,1494,10,16
London,6,1495,13,23
London,24,1496,6,13
London,16,1497,24,14
London,14,1498,16,14
London,20,1499,14,12
London,34,1500,20,15
London,11,1501,34,18
London,29,1502,11,8
London,21,1503,29,9
London,21,1504,21,10
London,54,1505,21,7
London,26,1506,54,9
London,23,1507,26,11
London,39,1508,23,7
London,50,1509,39,7
London,86,1510,50,6
London,32,1511,86,7
London,37,1512,32,10
London,33,1513,37,10
London,28,1514,33,13
London,67,1515,28,6
London,37,1516,67,8
London,58,1517,37,6
London,49,1518,58,10
London,42,1519,49,12
London,91,1520,42,12
London,62,1521,91,11
London,47,1522,62,12
London,53,1523,47,11
London,31,1524,53,14
London,89,1525,31,11
London,70,1526,89,10
London,70,1527,70,9
London,77,1528,70,7
London,55,1529,77,11
London,98,1530,55,9
London,72,1531,98,9
London,80,1532,72,7
London,92,1533,80,5
London,91,1534,92,5
London,79,1535,91,9
London,59,1536,79,11
London,55,1537,59,11
London,88,1538,55,8
London,79,1539,88,9
London,108,1540,79,8
London,56,1541,108,10
London,84,1542,56,7
London,98,1543,84,6
London,94,1544,98,6
London,118,1545,94,6
London,115,1546,118,7
London,132,1547,115,4
London,227,1548,132,4
London,156,1549,227,4
London,230,1550,156,4
London,129,1551,230,5
London,138,1552,129,4
London,169,1553,138,4
London,115,1554,169,7
London,154,1555,115,6
London,133,1556,154,6
London,94,1557,133,7
London,85,1558,94,7
London,114,1559,85,6
London,166,1560,114,6
London,138,1561,166,6
London,153,1562,138,4
London,138,1563,153,6
London,83,1564,138,10
London,136,1565,83,5
London,160,1566,136,5
London,138,1567,160,5
London,110,1568,138,7
London,143,1569,110,5
London,238,1570,143,3
London,145,1571,238,6
London,153,1572,145,5
London,160,1573,153,5
London,161,1574,160,5
London,218,1575,161,4
London,168,1576,218,3
London,207,1577,168,2
London,208,1578,207,4
London,245,1579,208,3
London,284,1580,245,3
London,277,1581,284,3
London,196,1582,277,4
London,241,1583,196,3
London,258,1584,241,3
London,276,1585,258,3
London,198,1586,276,4
London,211,1587,198,4
London,250,1588,211,3
London,272,1589,250,3
London,293,1590,272,2
London,286,1591,293,1
London,245,1592,286,2
London,181,1593,245,5
London,235,1594,181,3
London,301,1595,235,2
London,271,1596,301,3
London,255,1597,271,3
London,278,1598,255,3
London,284,1599,278,3
London,314,1600,284,2
Louvain,2,1473,2,14
Louvain,4,1474,2,12
Louvain,20,1475,4,10
Louvain,13,1476,20,11
Louvain,45,1477,13,2
Louvain,1,1478,45,16
Louvain,5,1479,1,17
Louvain,7,1480,5,16
Louvain,11,1481,7,13
Louvain,2,1482,11,19
Louvain,35,1483,2,8
Louvain,38,1484,35,3
Louvain,12,1485,38,14
Louvain,20,1486,12,12
Louvain,7,1487,20,16
Louvain,8,1488,7,17
Louvain,3,1490,8,24
Louvain,1,1491,3,27
Louvain,1,1492,1,27
Louvain,1,1494,1,27
Louvain,1,1495,1,28
Louvain,2,1496,1,27
Louvain,3,1498,2,26
Louvain,4,1499,3,24
Louvain,5,1500,4,26
Louvain,8,1501,5,20
Louvain,1,1503,8,26
Louvain,2,1510,1,28
Louvain,5,1512,2,27
Louvain,14,1513,5,20
Louvain,15,1514,14,17
Louvain,17,1515,15,20
Louvain,20,1516,17,15
Louvain,20,1517,20,16
Louvain,23,1518,20,17
Louvain,25,1519,23,16
Louvain,29,1520,25,16
Louvain,12,1521,29,22
Louvain,7,1522,12,23
Louvain,13,1523,7,19
Louvain,10,1524,13,20
Louvain,5,1525,10,24
Louvain,2,1526,5,30
Louvain,4,1527,2,27
Louvain,5,1528,4,24
Louvain,12,1529,5,19
Louvain,19,1530,12,19
Louvain,20,1531,19,18
Louvain,18,1532,20,18
Louvain,14,1533,18,19
Louvain,17,1534,14,17
Louvain,17,1535,17,19
Louvain,20,1536,17,18
Louvain,18,1537,20,18
Louvain,6,1538,18,26
Louvain,10,1539,6,24
Louvain,12,1540,10,26
Louvain,8,1541,12,27
Louvain,18,1542,8,20
Louvain,7,1543,18,29
Louvain,11,1544,7,27
Louvain,13,1545,11,24
Louvain,21,1546,13,20
Louvain,17,1547,21,19
Louvain,19,1548,17,23
Louvain,35,1549,19,16
Louvain,56,1550,35,15
Louvain,63,1551,56,12
Louvain,61,1552,63,12
Louvain,42,1553,61,15
Louvain,79,1554,42,9
Louvain,74,1555,79,11
Louvain,41,1556,74,16
Louvain,34,1557,41,16
Louvain,52,1558,34,14
Louvain,51,1559,52,14
Louvain,58,1560,51,15
Louvain,49,1561,58,16
Louvain,62,1562,49,13
Louvain,67,1563,62,14
Louvain,82,1564,67,11
Louvain,28,1565,82,21
Louvain,82,1566,28,9
Louvain,90,1567,82,8
Louvain,60,1568,90,15
Louvain,75,1569,60,10
Louvain,57,1570,75,16
Louvain,49,1571,57,15
Louvain,51,1572,49,15
Louvain,57,1573,51,14
Louvain,26,1574,57,22
Louvain,24,1575,26,23
Louvain,35,1576,24,20
Louvain,31,1577,35,19
Louvain,44,1578,31,17
Louvain,15,1579,44,29
Louvain,8,1580,15,34
Louvain,19,1581,8,27
Louvain,28,1582,19,24
Louvain,33,1583,28,22
Louvain,34,1584,33,24
Louvain,37,1585,34,24
Louvain,28,1586,37,27
Louvain,23,1587,28,30
Louvain,18,1588,23,32
Louvain,10,1589,18,33
Louvain,8,1590,10,35
Louvain,3,1591,8,36
Louvain,3,1592,3,34
Louvain,6,1593,3,33
Louvain,13,1594,6,33
Louvain,9,1595,13,35
Louvain,16,1596,9,34
Louvain,17,1597,16,32
Louvain,16,1598,17,33
Louvain,20,1599,16,32
Louvain,18,1600,20,32
Lyon,5,1473,5,11
Lyon,1,1475,5,18
Lyon,5,1476,1,15
Lyon,15,1477,5,10
Lyon,25,1478,15,5
Lyon,17,1479,25,8
Lyon,40,1480,17,5
Lyon,20,1481,40,8
Lyon,32,1482,20,7
Lyon,25,1483,32,9
Lyon,17,1484,25,9
Lyon,59,1485,17,3
Lyon,31,1486,59,8
Lyon,64,1487,31,3
Lyon,112,1488,64,1
Lyon,47,1489,112,5
Lyon,90,1490,47,4
Lyon,51,1491,90,4
Lyon,44,1492,51,8
Lyon,40,1493,44,9
Lyon,47,1494,40,5
Lyon,97,1495,47,4
Lyon,53,1496,97,6
Lyon,68,1497,53,4
Lyon,69,1498,68,4
Lyon,83,1499,69,4
Lyon,146,1500,83,5
Lyon,67,1501,146,4
Lyon,45,1502,67,5
Lyon,59,1503,45,5
Lyon,55,1504,59,4
Lyon,75,1505,55,5
Lyon,67,1506,75,4
Lyon,59,1507,67,5
Lyon,72,1508,59,5
Lyon,88,1509,72,2
Lyon,115,1510,88,2
Lyon,109,1511,115,2
Lyon,113,1512,109,2
Lyon,88,1513,113,4
Lyon,88,1514,88,4
Lyon,117,1515,88,5
Lyon,115,1516,117,4
Lyon,126,1517,115,3
Lyon,112,1518,126,4
Lyon,122,1519,112,3
Lyon,152,1520,122,5
Lyon,96,1521,152,8
Lyon,74,1522,96,9
Lyon,71,1523,74,9
Lyon,72,1524,71,9
Lyon,120,1525,72,7
Lyon,124,1526,120,4
Lyon,130,1527,124,2
Lyon,168,1528,130,2
Lyon,148,1529,168,2
Lyon,190,1530,148,3
Lyon,165,1531,190,2
Lyon,209,1532,165,2
Lyon,186,1533,209,2
Lyon,195,1534,186,2
Lyon,246,1535,195,2
Lyon,284,1536,246,2
Lyon,240,1537,284,2
Lyon,310,1538,240,2
Lyon,233,1539,310,2
Lyon,312,1540,233,2
Lyon,257,1541,312,2
Lyon,389,1542,257,2
Lyon,288,1543,389,2
Lyon,283,1544,288,2
Lyon,300,1545,283,2
Lyon,344,1546,300,2
Lyon,376,1547,344,2
Lyon,359,1548,376,2
Lyon,352,1549,359,2
Lyon,387,1550,352,2
Lyon,396,1551,387,2
Lyon,293,1552,396,3
Lyon,272,1553,293,3
Lyon,359,1554,272,2
Lyon,359,1555,359,2
Lyon,390,1556,359,2
Lyon,285,1557,390,2
Lyon,419,1558,285,2
Lyon,347,1559,419,2
Lyon,381,1560,347,3
Lyon,411,1561,381,2
Lyon,339,1562,411,3
Lyon,265,1563,339,3
Lyon,339,1564,265,3
Lyon,227,1565,339,3
Lyon,237,1566,227,3
Lyon,242,1567,237,3
Lyon,225,1568,242,3
Lyon,180,1569,225,3
Lyon,169,1570,180,5
Lyon,157,1571,169,4
Lyon,211,1572,157,3
Lyon,209,1573,211,3
Lyon,244,1574,209,3
Lyon,175,1575,244,6
Lyon,162,1576,175,4
Lyon,204,1577,162,3
Lyon,231,1578,204,3
Lyon,244,1579,231,4
Lyon,241,1580,244,5
Lyon,266,1581,241,4
Lyon,192,1582,266,5
Lyon,168,1583,192,5
Lyon,204,1584,168,5
Lyon,215,1585,204,4
Lyon,175,1586,215,5
Lyon,189,1587,175,5
Lyon,231,1588,189,5
Lyon,257,1589,231,5
Lyon,173,1590,257,5
Lyon,137,1591,173,6
Lyon,168,1592,137,4
Lyon,198,1593,168,3
Lyon,248,1594,198,2
Lyon,182,1595,248,4
Lyon,256,1596,182,4
Lyon,165,1597,256,6
Lyon,147,1598,165,8
Lyon,102,1599,147,11
Lyon,152,1600,102,9
Madrid,1,1534,1,33
Madrid,1,1535,1,34
Madrid,1,1540,1,35
Madrid,2,1545,1,35
Madrid,1,1552,2,35
Madrid,1,1553,1,36
Madrid,1,1554,1,36
Madrid,3,1564,1,35
Madrid,1,1565,3,36
Madrid,12,1566,1,31
Madrid,16,1567,12,27
Madrid,17,1568,16,30
Madrid,30,1569,17,19
Madrid,8,1570,30,31
Madrid,14,1571,8,30
Madrid,17,1572,14,29
Madrid,17,1573,17,27
Madrid,13,1574,17,30
Madrid,20,1575,13,27
Madrid,14,1576,20,25
Madrid,13,1577,14,29
Madrid,21,1578,13,28
Madrid,27,1579,21,22
Madrid,28,1580,27,27
Madrid,17,1581,28,28
Madrid,14,1582,17,32
Madrid,28,1583,14,23
Madrid,31,1584,28,25
Madrid,32,1585,31,25
Madrid,27,1586,32,29
Madrid,31,1587,27,27
Madrid,34,1588,31,28
Madrid,32,1589,34,26
Madrid,54,1590,32,21
Madrid,46,1591,54,19
Madrid,39,1592,46,22
Madrid,36,1593,39,23
Madrid,77,1594,36,16
Madrid,62,1595,77,18
Madrid,41,1596,62,21
Madrid,56,1597,41,19
Madrid,91,1598,56,13
Madrid,91,1599,91,13
Madrid,94,1600,91,14
Magdeburg,2,1479,2,18
Magdeburg,5,1480,2,19
Magdeburg,2,1481,5,21
Magdeburg,2,1482,2,20
Magdeburg,13,1483,2,14
Magdeburg,2,1484,13,21
Magdeburg,1,1485,2,22
Magdeburg,8,1486,1,16
Magdeburg,4,1487,8,19
Magdeburg,2,1488,4,22
Magdeburg,1,1489,2,23
Magdeburg,9,1490,1,16
Magdeburg,4,1491,9,19
Magdeburg,13,1492,4,16
Magdeburg,11,1493,13,17
Magdeburg,4,1494,11,23
Magdeburg,9,1495,4,20
Magdeburg,3,1496,9,25
Magdeburg,5,1497,3,23
Magdeburg,6,1498,5,21
Magdeburg,3,1499,6,26
Magdeburg,19,1500,3,19
Magdeburg,5,1501,19,22
Magdeburg,1,1502,5,25
Magdeburg,4,1504,1,25
Magdeburg,3,1506,4,24
Magdeburg,2,1507,3,25
Magdeburg,5,1509,2,25
Magdeburg,2,1511,5,27
Magdeburg,1,1512,2,30
Magdeburg,1,1513,1,31
Magdeburg,13,1524,1,19
Magdeburg,14,1525,13,18
Magdeburg,9,1526,14,22
Magdeburg,20,1527,9,16
Magdeburg,35,1528,20,13
Magdeburg,22,1529,35,14
Magdeburg,39,1530,22,14
Magdeburg,41,1531,39,13
Magdeburg,30,1532,41,14
Magdeburg,16,1533,30,17
Magdeburg,32,1534,16,14
Magdeburg,40,1535,32,14
Magdeburg,22,1536,40,16
Magdeburg,29,1537,22,13
Magdeburg,35,1538,29,13
Magdeburg,23,1539,35,16
Magdeburg,27,1540,23,15
Magdeburg,34,1541,27,15
Magdeburg,26,1542,34,16
Magdeburg,23,1543,26,19
Magdeburg,23,1544,23,20
Magdeburg,35,1545,23,17
Magdeburg,66,1546,35,11
Magdeburg,31,1547,66,13
Magdeburg,68,1548,31,5
Magdeburg,97,1549,68,5
Magdeburg,136,1550,97,8
Magdeburg,66,1551,136,11
Magdeburg,61,1552,66,11
Magdeburg,57,1553,61,10
Magdeburg,33,1554,57,17
Magdeburg,28,1555,33,19
Magdeburg,20,1556,28,21
Magdeburg,19,1557,20,21
Magdeburg,13,1558,19,27
Magdeburg,26,1559,13,20
Magdeburg,38,1560,26,18
Magdeburg,23,1561,38,21
Magdeburg,33,1562,23,19
Magdeburg,17,1563,33,27
Magdeburg,21,1564,17,25
Magdeburg,18,1565,21,26
Magdeburg,9,1566,18,33
Magdeburg,14,1567,9,28
Magdeburg,8,1568,14,32
Magdeburg,16,1569,8,26
Magdeburg,46,1570,16,18
Magdeburg,19,1571,46,24
Magdeburg,20,1572,19,26
Magdeburg,26,1573,20,23
Magdeburg,12,1574,26,31
Magdeburg,40,1575,12,18
Magdeburg,30,1576,40,23
Magdeburg,26,1577,30,22
Magdeburg,36,1578,26,21
Magdeburg,55,1579,36,14
Magdeburg,30,1580,55,25
Magdeburg,34,1581,30,20
Magdeburg,40,1582,34,18
Magdeburg,34,1583,40,19
Magdeburg,37,1584,34,22
Magdeburg,29,1585,37,26
Magdeburg,27,1586,29,30
Magdeburg,38,1587,27,24
Magdeburg,38,1588,38,26
Magdeburg,28,1589,38,28
Magdeburg,49,1590,28,23
Magdeburg,41,1591,49,20
Magdeburg,42,1592,41,19
Magdeburg,37,1593,42,22
Magdeburg,28,1594,37,26
Magdeburg,45,1595,28,23
Magdeburg,43,1596,45,20
Magdeburg,41,1597,43,21
Magdeburg,36,1598,41,26
Magdeburg,31,1599,36,29
Magdeburg,64,1600,31,21
Mainz,3,1454,3,1
Mainz,4,1455,3,1
Mainz,4,1456,4,1
Mainz,2,1457,4,1
Mainz,3,1458,2,1
Mainz,4,1459,3,1
Mainz,2,1460,4,1
Mainz,12,1461,2,1
Mainz,8,1462,12,1
Mainz,2,1463,8,1
Mainz,2,1464,2,1
Mainz,2,1465,2,1
Mainz,6,1466,2,1
Mainz,4,1467,6,2
Mainz,1,1468,4,3
Mainz,5,1469,1,2
Mainz,14,1470,5,5
Mainz,4,1471,14,8
Mainz,4,1472,4,11
Mainz,5,1473,4,10
Mainz,7,1474,5,11
Mainz,6,1475,7,12
Mainz,9,1476,6,12
Mainz,6,1477,9,14
Mainz,3,1478,6,14
Mainz,8,1479,3,13
Mainz,15,1480,8,10
Mainz,7,1481,15,16
Mainz,8,1482,7,13
Mainz,2,1483,8,22
Mainz,4,1484,2,17
Mainz,7,1485,4,16
Mainz,8,1486,7,15
Mainz,7,1487,8,17
Mainz,34,1488,7,10
Mainz,27,1489,34,11
Mainz,14,1490,27,14
Mainz,5,1491,14,17
Mainz,14,1492,5,15
Mainz,12,1493,14,16
Mainz,13,1494,12,15
Mainz,25,1495,13,14
Mainz,10,1496,25,19
Mainz,7,1497,10,19
Mainz,5,1498,7,24
Mainz,16,1499,5,14
Mainz,8,1500,16,23
Mainz,3,1501,8,24
Mainz,3,1502,3,21
Mainz,4,1503,3,25
Mainz,1,1504,4,28
Mainz,3,1505,1,25
Mainz,1,1506,3,28
Mainz,1,1507,1,26
Mainz,12,1508,1,17
Mainz,18,1509,12,14
Mainz,20,1510,18,16
Mainz,6,1511,20,24
Mainz,8,1512,6,24
Mainz,12,1513,8,21
Mainz,7,1514,12,24
Mainz,20,1515,7,19
Mainz,12,1516,20,21
Mainz,12,1517,12,20
Mainz,11,1518,12,23
Mainz,14,1519,11,20
Mainz,26,1520,14,18
Mainz,35,1521,26,15
Mainz,20,1522,35,16
Mainz,12,1523,20,20
Mainz,14,1524,12,17
Mainz,10,1525,14,21
Mainz,14,1526,10,19
Mainz,9,1527,14,20
Mainz,13,1528,9,17
Mainz,11,1529,13,20
Mainz,17,1530,11,20
Mainz,17,1531,17,20
Mainz,26,1532,17,16
Mainz,10,1533,26,20
Mainz,16,1534,10,18
Mainz,14,1535,16,21
Mainz,14,1536,14,20
Mainz,12,1537,14,19
Mainz,11,1538,12,21
Mainz,11,1539,11,23
Mainz,17,1540,11,19
Mainz,25,1541,17,16
Mainz,24,1542,25,17
Mainz,17,1543,24,22
Mainz,15,1544,17,22
Mainz,26,1545,15,19
Mainz,18,1546,26,22
Mainz,11,1547,18,25
Mainz,37,1548,11,14
Mainz,40,1549,37,14
Mainz,30,1550,40,20
Mainz,20,1551,30,22
Mainz,8,1552,20,29
Mainz,2,1553,8,33
Mainz,10,1554,2,29
Mainz,10,1555,10,30
Mainz,11,1556,10,28
Mainz,17,1557,11,23
Mainz,14,1558,17,26
Mainz,19,1559,14,22
Mainz,6,1560,19,33
Mainz,10,1561,6,31
Mainz,8,1562,10,32
Mainz,13,1563,8,30
Mainz,7,1564,13,32
Mainz,7,1565,7,34
Mainz,21,1566,7,24
Mainz,11,1567,21,31
Mainz,7,1568,11,33
Mainz,9,1569,7,32
Mainz,7,1570,9,32
Mainz,15,1571,7,29
Mainz,5,1572,15,35
Mainz,8,1573,5,32
Mainz,3,1574,8,35
Mainz,9,1575,3,33
Mainz,9,1576,9,32
Mainz,2,1577,9,35
Mainz,2,1578,2,35
Mainz,13,1579,2,31
Mainz,15,1580,13,32
Mainz,11,1581,15,31
Mainz,25,1582,11,26
Mainz,7,1583,25,34
Mainz,11,1584,7,33
Mainz,6,1585,11,34
Mainz,7,1586,6,35
Mainz,7,1587,7,34
Mainz,10,1588,7,35
Mainz,7,1589,10,34
Mainz,9,1590,7,34
Mainz,3,1591,9,35
Mainz,3,1592,3,33
Mainz,5,1593,3,34
Mainz,14,1594,5,32
Mainz,10,1595,14,33
Mainz,9,1596,10,35
Mainz,6,1597,9,35
Mainz,15,1598,6,34
Mainz,19,1599,15,34
Mainz,20,1600,19,31
Milano,5,1471,5,7
Milano,9,1472,5,9
Milano,11,1473,9,9
Milano,24,1474,11,7
Milano,33,1475,24,7
Milano,27,1476,33,4
Milano,33,1477,27,6
Milano,40,1478,33,4
Milano,30,1479,40,5
Milano,68,1480,30,2
Milano,45,1481,68,5
Milano,31,1482,45,8
Milano,38,1483,31,6
Milano,28,1484,38,6
Milano,24,1485,28,11
Milano,19,1486,24,13
Milano,20,1487,19,12
Milano,35,1488,20,8
Milano,30,1489,35,10
Milano,42,1490,30,10
Milano,25,1491,42,11
Milano,51,1492,25,6
Milano,49,1493,51,6
Milano,46,1494,49,6
Milano,48,1495,46,10
Milano,36,1496,48,10
Milano,36,1497,36,8
Milano,32,1498,36,10
Milano,39,1499,32,7
Milano,53,1500,39,12
Milano,32,1501,53,8
Milano,23,1502,32,11
Milano,30,1503,23,7
Milano,36,1504,30,7
Milano,35,1505,36,9
Milano,38,1506,35,7
Milano,38,1507,38,7
Milano,33,1508,38,8
Milano,40,1509,33,8
Milano,44,1510,40,12
Milano,42,1511,44,6
Milano,38,1512,42,9
Milano,26,1513,38,11
Milano,40,1514,26,8
Milano,35,1515,40,13
Milano,23,1516,35,13
Milano,33,1517,23,10
Milano,48,1518,33,11
Milano,53,1519,48,10
Milano,39,1520,53,14
Milano,39,1521,39,14
Milano,16,1522,39,18
Milano,17,1523,16,16
Milano,3,1524,17,28
Milano,5,1525,3,26
Milano,4,1526,5,27
Milano,1,1527,4,32
Milano,1,1529,1,31
Milano,5,1530,1,27
Milano,3,1531,5,28
Milano,3,1532,3,31
Milano,7,1533,3,26
Milano,2,1534,7,30
Milano,12,1535,2,22
Milano,8,1536,12,23
Milano,6,1537,8,25
Milano,9,1538,6,24
Milano,19,1539,9,18
Milano,13,1540,19,24
Milano,8,1541,13,26
Milano,13,1542,8,23
Milano,6,1543,13,30
Milano,7,1544,6,31
Milano,11,1545,7,26
Milano,11,1546,11,26
Milano,10,1547,11,26
Milano,18,1548,10,25
Milano,8,1549,18,26
Milano,12,1550,8,28
Milano,7,1551,12,28
Milano,10,1552,7,27
Milano,17,1553,10,22
Milano,20,1554,17,22
Milano,12,1555,20,26
Milano,7,1556,12,33
Milano,14,1557,7,26
Milano,19,1558,14,25
Milano,24,1559,19,21
Milano,17,1560,24,26
Milano,12,1561,17,29
Milano,9,1562,12,30
Milano,21,1563,9,24
Milano,22,1564,21,23
Milano,12,1565,22,29
Milano,23,1566,12,22
Milano,24,1567,23,22
Milano,27,1568,24,22
Milano,17,1569,27,25
Milano,18,1570,17,26
Milano,19,1571,18,25
Milano,24,1572,19,24
Milano,27,1573,24,22
Milano,29,1574,27,21
Milano,40,1575,29,17
Milano,56,1576,40,15
Milano,28,1577,56,21
Milano,25,1578,28,26
Milano,24,1579,25,23
Milano,32,1580,24,23
Milano,29,1581,32,23
Milano,24,1582,29,27
Milano,15,1583,24,29
Milano,46,1584,15,19
Milano,50,1585,46,19
Milano,70,1586,50,16
Milano,53,1587,70,21
Milano,41,1588,53,25
Milano,37,1589,41,24
Milano,44,1590,37,25
Milano,21,1591,44,30
Milano,19,1592,21,27
Milano,20,1593,19,27
Milano,31,1594,20,24
Milano,22,1595,31,30
Milano,24,1596,22,32
Milano,21,1597,24,29
Milano,49,1598,21,24
Milano,64,1599,49,19
Milano,38,1600,64,28
Nuernberg,10,1470,10,6
Nuernberg,4,1471,10,9
Nuernberg,12,1472,4,7
Nuernberg,16,1473,12,7
Nuernberg,17,1474,16,8
Nuernberg,20,1475,17,9
Nuernberg,15,1476,20,9
Nuernberg,24,1477,15,8
Nuernberg,16,1478,24,8
Nuernberg,29,1479,16,6
Nuernberg,30,1480,29,8
Nuernberg,27,1481,30,6
Nuernberg,60,1482,27,2
Nuernberg,57,1483,60,2
Nuernberg,15,1484,57,10
Nuernberg,45,1485,15,6
Nuernberg,27,1486,45,9
Nuernberg,27,1487,27,9
Nuernberg,34,1488,27,9
Nuernberg,35,1489,34,8
Nuernberg,39,1490,35,11
Nuernberg,53,1491,39,3
Nuernberg,44,1492,53,7
Nuernberg,44,1493,44,7
Nuernberg,34,1494,44,9
Nuernberg,77,1495,34,5
Nuernberg,42,1496,77,7
Nuernberg,50,1497,42,6
Nuernberg,32,1498,50,9
Nuernberg,18,1499,32,13
Nuernberg,78,1500,18,9
Nuernberg,43,1501,78,6
Nuernberg,29,1502,43,7
Nuernberg,19,1503,29,11
Nuernberg,11,1504,19,15
Nuernberg,12,1505,11,18
Nuernberg,16,1506,12,14
Nuernberg,27,1507,16,10
Nuernberg,22,1508,27,11
Nuernberg,32,1509,22,9
Nuernberg,51,1510,32,11
Nuernberg,16,1511,51,13
Nuernberg,58,1512,16,6
Nuernberg,33,1513,58,9
Nuernberg,37,1514,33,9
Nuernberg,57,1515,37,8
Nuernberg,19,1516,57,16
Nuernberg,29,1517,19,12
Nuernberg,46,1518,29,12
Nuernberg,55,1519,46,9
Nuernberg,105,1520,55,10
Nuernberg,44,1521,105,13
Nuernberg,46,1522,44,13
Nuernberg,101,1523,46,8
Nuernberg,165,1524,101,4
Nuernberg,137,1525,165,6
Nuernberg,101,1526,137,5
Nuernberg,90,1527,101,6
Nuernberg,107,1528,90,3
Nuernberg,113,1529,107,5
Nuernberg,307,1530,113,2
Nuernberg,120,1531,307,4
Nuernberg,79,1532,120,8
Nuernberg,78,1533,79,8
Nuernberg,56,1534,78,11
Nuernberg,122,1535,56,5
Nuernberg,86,1536,122,7
Nuernberg,75,1537,86,9
Nuernberg,72,1538,75,9
Nuernberg,81,1539,72,8
Nuernberg,137,1540,81,5
Nuernberg,48,1541,137,11
Nuernberg,70,1542,48,9
Nuernberg,97,1543,70,7
Nuernberg,85,1544,97,7
Nuernberg,133,1545,85,5
Nuernberg,130,1546,133,5
Nuernberg,45,1547,130,8
Nuernberg,63,1548,45,7
Nuernberg,74,1549,63,8
Nuernberg,153,1550,74,6
Nuernberg,50,1551,153,14
Nuernberg,70,1552,50,7
Nuernberg,151,1553,70,6
Nuernberg,118,1554,151,6
Nuernberg,263,1555,118,4
Nuernberg,102,1556,263,8
Nuernberg,59,1557,102,12
Nuernberg,85,1558,59,8
Nuernberg,66,1559,85,10
Nuernberg,415,1560,66,2
Nuernberg,102,1561,415,9
Nuernberg,70,1562,102,12
Nuernberg,67,1563,70,13
Nuernberg,89,1564,67,9
Nuernberg,94,1565,89,8
Nuernberg,68,1566,94,15
Nuernberg,74,1567,68,13
Nuernberg,86,1568,74,11
Nuernberg,71,1569,86,11
Nuernberg,160,1570,71,7
Nuernberg,67,1571,160,13
Nuernberg,54,1572,67,13
Nuernberg,73,1573,54,12
Nuernberg,52,1574,73,14
Nuernberg,58,1575,52,15
Nuernberg,67,1576,58,12
Nuernberg,63,1577,67,12
Nuernberg,46,1578,63,16
Nuernberg,61,1579,46,13
Nuernberg,128,1580,61,7
Nuernberg,70,1581,128,13
Nuernberg,55,1582,70,14
Nuernberg,79,1583,55,11
Nuernberg,46,1584,79,17
Nuernberg,66,1585,46,16
Nuernberg,72,1586,66,15
Nuernberg,52,1587,72,23
Nuernberg,58,1588,52,19
Nuernberg,88,1589,58,12
Nuernberg,82,1590,88,13
Nuernberg,55,1591,82,17
Nuernberg,40,1592,55,20
Nuernberg,47,1593,40,19
Nuernberg,73,1594,47,17
Nuernberg,64,1595,73,16
Nuernberg,80,1596,64,16
Nuernberg,84,1597,80,15
Nuernberg,74,1598,84,16
Nuernberg,80,1599,74,15
Nuernberg,82,1600,80,18
Paris,2,1470,2,8
Paris,9,1471,2,6
Paris,11,1472,9,8
Paris,21,1473,11,6
Paris,11,1474,21,9
Paris,34,1475,11,6
Paris,26,1476,34,5
Paris,15,1477,26,9
Paris,15,1478,15,10
Paris,15,1479,15,10
Paris,32,1480,15,7
Paris,12,1481,32,12
Paris,27,1482,12,9
Paris,45,1483,27,4
Paris,29,1484,45,5
Paris,44,1485,29,7
Paris,43,1486,44,3
Paris,22,1487,43,10
Paris,83,1488,22,3
Paris,80,1489,83,2
Paris,144,1490,80,2
Paris,102,1491,144,2
Paris,127,1492,102,2
Paris,142,1493,127,1
Paris,164,1494,142,1
Paris,202,1495,164,1
Paris,110,1496,202,2
Paris,151,1497,110,1
Paris,242,1498,151,1
Paris,210,1499,242,1
Paris,394,1500,210,1
Paris,171,1501,394,1
Paris,174,1502,171,1
Paris,178,1503,174,1
Paris,121,1504,178,2
Paris,319,1505,121,1
Paris,206,1506,319,1
Paris,237,1507,206,1
Paris,255,1508,237,1
Paris,244,1509,255,1
Paris,356,1510,244,1
Paris,267,1511,356,1
Paris,333,1512,267,1
Paris,309,1513,333,1
Paris,275,1514,309,1
Paris,325,1515,275,1
Paris,267,1516,325,1
Paris,264,1517,267,1
Paris,263,1518,264,1
Paris,261,1519,263,1
Paris,423,1520,261,1
Paris,314,1521,423,1
Paris,190,1522,314,2
Paris,181,1523,190,3
Paris,185,1524,181,3
Paris,208,1525,185,1
Paris,224,1526,208,1
Paris,282,1527,224,1
Paris,351,1528,282,1
Paris,428,1529,351,1
Paris,555,1530,428,1
Paris,404,1531,555,1
Paris,323,1532,404,1
Paris,331,1533,323,1
Paris,451,1534,331,1
Paris,393,1535,451,1
Paris,435,1536,393,1
Paris,475,1537,435,1
Paris,571,1538,475,1
Paris,611,1539,571,1
Paris,711,1540,611,1
Paris,506,1541,711,1
Paris,666,1542,506,1
Paris,663,1543,666,1
Paris,480,1544,663,1
Paris,577,1545,480,1
Paris,434,1546,577,1
Paris,497,1547,434,1
Paris,542,1548,497,1
Paris,526,1549,542,1
Paris,621,1550,526,1
Paris,505,1551,621,1
Paris,496,1552,505,1
Paris,510,1553,496,1
Paris,525,1554,510,1
Paris,587,1555,525,1
Paris,590,1556,587,1
Paris,533,1557,590,1
Paris,481,1558,533,1
Paris,540,1559,481,1
Paris,646,1560,540,1
Paris,606,1561,646,1
Paris,487,1562,606,1
Paris,421,1563,487,1
Paris,447,1564,421,1
Paris,464,1565,447,1
Paris,454,1566,464,1
Paris,532,1567,454,1
Paris,402,1568,532,1
Paris,407,1569,402,1
Paris,357,1570,407,2
Paris,388,1571,357,1
Paris,543,1572,388,1
Paris,602,1573,543,1
Paris,512,1574,602,1
Paris,465,1575,512,1
Paris,402,1576,465,1
Paris,476,1577,402,1
Paris,598,1578,476,1
Paris,502,1579,598,1
Paris,445,1580,502,1
Paris,386,1581,445,1
Paris,515,1582,386,1
Paris,544,1583,515,1
Paris,451,1584,544,1
Paris,534,1585,451,1
Paris,612,1586,534,1
Paris,604,1587,612,1
Paris,844,1588,604,1
Paris,697,1589,844,1
Paris,220,1590,697,3
Paris,97,1591,220,10
Paris,44,1592,97,18
Paris,141,1593,44,9
Paris,329,1594,141,1
Paris,426,1595,329,1
Paris,362,1596,426,1
Paris,425,1597,362,1
Paris,483,1598,425,1
Paris,381,1599,483,1
Paris,452,1600,381,1
Poitiers,7,1479,7,15
Poitiers,5,1480,7,18
Poitiers,1,1482,5,24
Poitiers,4,1483,1,19
Poitiers,1,1484,4,23
Poitiers,2,1485,1,21
Poitiers,11,1486,2,14
Poitiers,3,1487,11,21
Poitiers,1,1488,3,25
Poitiers,1,1489,1,25
Poitiers,5,1490,1,21
Poitiers,3,1491,5,21
Poitiers,2,1492,3,26
Poitiers,5,1495,2,25
Poitiers,5,1496,5,23
Poitiers,5,1497,5,22
Poitiers,1,1498,5,27
Poitiers,7,1499,1,22
Poitiers,15,1500,7,21
Poitiers,1,1501,15,26
Poitiers,1,1503,1,27
Poitiers,8,1504,1,18
Poitiers,3,1505,8,24
Poitiers,1,1506,3,27
Poitiers,2,1508,1,29
Poitiers,1,1509,2,29
Poitiers,1,1510,1,30
Poitiers,3,1513,1,27
Poitiers,1,1514,3,30
Poitiers,6,1515,1,26
Poitiers,2,1516,6,30
Poitiers,6,1518,2,26
Poitiers,2,1519,6,30
Poitiers,4,1520,2,29
Poitiers,3,1521,4,29
Poitiers,6,1522,3,26
Poitiers,4,1523,6,30
Poitiers,6,1524,4,25
Poitiers,5,1525,6,25
Poitiers,4,1526,5,26
Poitiers,6,1527,4,24
Poitiers,5,1528,6,23
Poitiers,2,1529,5,27
Poitiers,4,1530,2,28
Poitiers,3,1531,4,29
Poitiers,5,1532,3,27
Poitiers,2,1533,5,32
Poitiers,11,1535,2,23
Poitiers,7,1536,11,24
Poitiers,6,1537,7,26
Poitiers,1,1538,6,31
Poitiers,3,1539,1,30
Poitiers,8,1540,3,31
Poitiers,9,1541,8,24
Poitiers,7,1542,9,26
Poitiers,10,1543,7,26
Poitiers,13,1544,10,24
Poitiers,12,1545,13,25
Poitiers,10,1546,12,28
Poitiers,10,1547,10,27
Poitiers,6,1548,10,29
Poitiers,4,1549,6,29
Poitiers,10,1550,4,29
Poitiers,6,1551,10,29
Poitiers,7,1552,6,30
Poitiers,10,1553,7,27
Poitiers,6,1554,10,31
Poitiers,12,1555,6,28
Poitiers,9,1556,12,30
Poitiers,9,1557,9,29
Poitiers,6,1558,9,32
Poitiers,17,1559,6,25
Poitiers,26,1560,17,20
Poitiers,15,1561,26,25
Poitiers,8,1562,15,31
Poitiers,25,1563,8,19
Poitiers,15,1564,25,28
Poitiers,19,1565,15,25
Poitiers,16,1566,19,28
Poitiers,42,1567,16,18
Poitiers,18,1568,42,28
Poitiers,8,1569,18,33
Poitiers,6,1570,8,33
Poitiers,2,1571,6,35
Poitiers,19,1572,2,28
Poitiers,8,1573,19,31
Poitiers,14,1574,8,29
Poitiers,10,1575,14,30
Poitiers,8,1576,10,33
Poitiers,14,1577,8,28
Poitiers,3,1578,14,34
Poitiers,28,1579,3,20
Poitiers,6,1580,28,35
Poitiers,7,1581,6,33
Poitiers,3,1582,7,35
Poitiers,5,1583,3,35
Poitiers,4,1584,5,35
Poitiers,5,1585,4,35
Poitiers,9,1586,5,34
Poitiers,3,1587,9,36
Poitiers,17,1588,3,33
Poitiers,3,1589,17,36
Poitiers,13,1590,3,31
Poitiers,3,1591,13,34
Poitiers,1,1592,3,36
Poitiers,1,1593,1,36
Poitiers,7,1594,1,35
Poitiers,14,1595,7,32
Poitiers,20,1596,14,33
Poitiers,3,1597,20,36
Poitiers,6,1598,3,35
Poitiers,4,1599,6,35
Poitiers,7,1600,4,36
Roma,3,1467,3,3
Roma,6,1468,3,1
Roma,20,1469,6,1
Roma,44,1470,20,2
Roma,36,1471,44,2
Roma,39,1472,36,3
Roma,54,1473,39,1
Roma,81,1474,54,1
Roma,104,1475,81,1
Roma,48,1476,104,2
Roma,33,1477,48,5
Roma,42,1478,33,3
Roma,23,1479,42,7
Roma,36,1480,23,6
Roma,56,1481,36,2
Roma,36,1482,56,5
Roma,44,1483,36,5
Roma,49,1484,44,2
Roma,111,1485,49,1
Roma,23,1486,111,10
Roma,38,1487,23,6
Roma,31,1488,38,13
Roma,20,1489,31,14
Roma,72,1490,20,7
Roma,36,1491,72,7
Roma,68,1492,36,4
Roma,62,1493,68,4
Roma,39,1494,62,8
Roma,67,1495,39,7
Roma,21,1496,67,14
Roma,15,1497,21,15
Roma,23,1498,15,13
Roma,35,1499,23,8
Roma,188,1500,35,3
Roma,13,1501,188,15
Roma,7,1502,13,18
Roma,12,1503,7,15
Roma,16,1504,12,12
Roma,17,1505,16,14
Roma,16,1506,17,13
Roma,4,1507,16,21
Roma,10,1508,4,18
Roma,32,1509,10,10
Roma,61,1510,32,9
Roma,18,1511,61,12
Roma,28,1512,18,13
Roma,40,1513,28,8
Roma,34,1514,40,10
Roma,33,1515,34,14
Roma,40,1516,33,7
Roma,29,1517,40,11
Roma,26,1518,29,15
Roma,22,1519,26,17
Roma,26,1520,22,17
Roma,34,1521,26,16
Roma,31,1522,34,15
Roma,37,1523,31,14
Roma,69,1524,37,11
Roma,37,1525,69,14
Roma,32,1526,37,14
Roma,10,1527,32,18
Roma,4,1528,10,25
Roma,4,1529,4,25
Roma,10,1530,4,22
Roma,29,1531,10,16
Roma,14,1532,29,20
Roma,10,1533,14,21
Roma,8,1534,10,20
Roma,27,1535,8,17
Roma,23,1536,27,15
Roma,20,1537,23,16
Roma,18,1538,20,18
Roma,29,1539,18,15
Roma,23,1540,29,16
Roma,19,1541,23,17
Roma,33,1542,19,15
Roma,32,1543,33,18
Roma,40,1544,32,15
Roma,43,1545,40,14
Roma,43,1546,43,15
Roma,44,1547,43,9
Roma,22,1548,44,21
Roma,26,1549,22,17
Roma,34,1550,26,19
Roma,33,1551,34,17
Roma,38,1552,33,15
Roma,50,1553,38,13
Roma,51,1554,50,16
Roma,48,1555,51,14
Roma,68,1556,48,11
Roma,71,1557,68,9
Roma,61,1558,71,12
Roma,53,1559,61,12
Roma,60,1560,53,14
Roma,48,1561,60,17
Roma,43,1562,48,17
Roma,67,1563,43,15
Roma,103,1564,67,8
Roma,82,1565,103,10
Roma,81,1566,82,11
Roma,77,1567,81,11
Roma,91,1568,77,9
Roma,68,1569,91,12
Roma,78,1570,68,12
Roma,80,1571,78,9
Roma,80,1572,80,10
Roma,82,1573,80,7
Roma,67,1574,82,11
Roma,75,1575,67,11
Roma,61,1576,75,14
Roma,35,1577,61,18
Roma,52,1578,35,14
Roma,50,1579,52,15
Roma,64,1580,50,15
Roma,75,1581,64,11
Roma,73,1582,75,12
Roma,91,1583,73,8
Roma,120,1584,91,6
Roma,182,1585,120,6
Roma,230,1586,182,3
Roma,235,1587,230,3
Roma,247,1588,235,4
Roma,262,1589,247,4
Roma,204,1590,262,4
Roma,238,1591,204,3
Roma,237,1592,238,3
Roma,177,1593,237,6
Roma,150,1594,177,8
Roma,132,1595,150,10
Roma,144,1596,132,10
Roma,115,1597,144,10
Roma,151,1598,115,6
Roma,131,1599,151,9
Roma,164,1600,131,7
Rostock,2,1475,2,15
Rostock,8,1476,2,14
Rostock,2,1477,8,15
Rostock,1,1478,2,17
Rostock,7,1480,1,17
Rostock,1,1481,7,22
Rostock,2,1486,1,24
Rostock,1,1488,2,26
Rostock,3,1500,1,27
Rostock,2,1505,3,28
Rostock,3,1506,2,23
Rostock,5,1507,3,20
Rostock,2,1508,5,27
Rostock,2,1509,2,28
Rostock,4,1510,2,26
Rostock,3,1512,4,29
Rostock,1,1513,3,30
Rostock,4,1514,1,26
Rostock,4,1515,4,29
Rostock,7,1516,4,24
Rostock,4,1517,7,26
Rostock,3,1518,4,28
Rostock,6,1519,3,26
Rostock,6,1520,6,28
Rostock,7,1521,6,26
Rostock,5,1522,7,28
Rostock,16,1523,5,17
Rostock,3,1524,16,29
Rostock,3,1525,3,29
Rostock,15,1526,3,18
Rostock,10,1527,15,19
Rostock,5,1528,10,21
Rostock,7,1529,5,23
Rostock,9,1530,7,23
Rostock,6,1531,9,23
Rostock,1,1532,6,33
Rostock,3,1533,1,31
Rostock,1,1534,3,32
Rostock,4,1535,1,31
Rostock,1,1536,4,32
Rostock,4,1537,1,30
Rostock,4,1538,4,29
Rostock,8,1539,4,25
Rostock,18,1540,8,17
Rostock,7,1542,18,28
Rostock,10,1543,7,27
Rostock,11,1544,10,26
Rostock,6,1545,11,30
Rostock,8,1546,6,29
Rostock,6,1547,8,29
Rostock,4,1548,6,31
Rostock,1,1549,4,33
Rostock,36,1550,1,18
Rostock,4,1551,36,31
Rostock,13,1552,4,26
Rostock,7,1553,13,29
Rostock,7,1554,7,30
Rostock,12,1555,7,27
Rostock,15,1556,12,25
Rostock,8,1557,15,31
Rostock,12,1558,8,30
Rostock,4,1559,12,32
Rostock,13,1560,4,29
Rostock,11,1561,13,30
Rostock,18,1562,11,26
Rostock,23,1563,18,21
Rostock,21,1564,23,24
Rostock,21,1565,21,24
Rostock,14,1566,21,30
Rostock,19,1567,14,25
Rostock,24,1568,19,25
Rostock,28,1569,24,22
Rostock,21,1570,28,24
Rostock,15,1571,21,28
Rostock,32,1572,15,19
Rostock,20,1573,32,25
Rostock,24,1574,20,23
Rostock,27,1575,24,22
Rostock,34,1576,27,21
Rostock,50,1577,34,16
Rostock,40,1578,50,18
Rostock,41,1579,40,17
Rostock,44,1580,41,19
Rostock,32,1581,44,21
Rostock,23,1582,32,28
Rostock,16,1583,23,28
Rostock,31,1584,16,26
Rostock,22,1585,31,29
Rostock,36,1586,22,22
Rostock,29,1587,36,28
Rostock,46,1588,29,21
Rostock,43,1589,46,21
Rostock,26,1590,43,28
Rostock,35,1591,26,23
Rostock,35,1592,35,24
Rostock,21,1593,35,25
Rostock,34,1594,21,22
Rostock,42,1595,34,24
Rostock,55,1596,42,18
Rostock,36,1597,55,25
Rostock,32,1598,36,28
Rostock,52,1599,32,23
Rostock,66,1600,52,20
Rouen,1,1480,1,25
Rouen,1,1483,1,26
Rouen,3,1485,1,20
Rouen,6,1487,3,18
Rouen,5,1488,6,18
Rouen,3,1489,5,19
Rouen,9,1490,3,15
Rouen,4,1491,9,18
Rouen,7,1492,4,18
Rouen,5,1493,7,20
Rouen,12,1494,5,17
Rouen,18,1495,12,15
Rouen,6,1496,18,20
Rouen,6,1497,6,20
Rouen,9,1498,6,19
Rouen,5,1499,9,23
Rouen,44,1500,5,13
Rouen,12,1501,44,17
Rouen,9,1502,12,16
Rouen,8,1503,9,19
Rouen,6,1504,8,21
Rouen,15,1505,6,17
Rouen,20,1506,15,12
Rouen,38,1507,20,8
Rouen,23,1508,38,10
Rouen,13,1509,23,16
Rouen,19,1510,13,17
Rouen,16,1511,19,15
Rouen,12,1512,16,18
Rouen,18,1513,12,15
Rouen,11,1514,18,20
Rouen,28,1515,11,15
Rouen,14,1516,28,19
Rouen,16,1517,14,18
Rouen,14,1518,16,19
Rouen,12,1519,14,22
Rouen,22,1520,12,21
Rouen,17,1521,22,20
Rouen,7,1522,17,22
Rouen,6,1523,7,27
Rouen,1,1524,6,33
Rouen,5,1525,1,27
Rouen,1,1526,5,31
Rouen,6,1527,1,25
Rouen,7,1528,6,20
Rouen,4,1529,7,24
Rouen,21,1530,4,18
Rouen,6,1531,21,22
Rouen,4,1532,6,29
Rouen,5,1533,4,29
Rouen,7,1534,5,26
Rouen,4,1535,7,29
Rouen,4,1536,4,28
Rouen,11,1537,4,21
Rouen,13,1538,11,20
Rouen,6,1539,13,27
Rouen,9,1540,6,28
Rouen,8,1541,9,28
Rouen,7,1542,8,27
Rouen,38,1543,7,16
Rouen,20,1544,38,21
Rouen,10,1545,20,27
Rouen,5,1546,10,31
Rouen,5,1547,5,30
Rouen,9,1548,5,27
Rouen,6,1549,9,28
Rouen,18,1550,6,27
Rouen,16,1551,18,25
Rouen,16,1552,16,24
Rouen,20,1553,16,21
Rouen,22,1554,20,20
Rouen,14,1555,22,23
Rouen,14,1556,14,27
Rouen,15,1557,14,25
Rouen,19,1558,15,24
Rouen,4,1559,19,31
Rouen,7,1560,4,32
Rouen,14,1561,7,26
Rouen,7,1562,14,33
Rouen,23,1563,7,22
Rouen,7,1564,23,31
Rouen,9,1565,7,31
Rouen,17,1566,9,27
Rouen,13,1567,17,29
Rouen,25,1568,13,24
Rouen,14,1569,25,27
Rouen,12,1570,14,30
Rouen,19,1571,12,26
Rouen,16,1572,19,30
Rouen,18,1573,16,26
Rouen,37,1574,18,17
Rouen,11,1575,37,29
Rouen,9,1576,11,31
Rouen,15,1577,9,27
Rouen,22,1578,15,27
Rouen,22,1579,22,27
Rouen,30,1580,22,26
Rouen,19,1581,30,26
Rouen,23,1582,19,29
Rouen,19,1583,23,27
Rouen,21,1584,19,29
Rouen,24,1585,21,28
Rouen,34,1586,24,23
Rouen,59,1587,34,19
Rouen,42,1588,59,24
Rouen,25,1589,42,29
Rouen,26,1590,25,29
Rouen,11,1591,26,31
Rouen,12,1592,11,30
Rouen,12,1593,12,31
Rouen,26,1594,12,29
Rouen,47,1595,26,22
Rouen,31,1596,47,27
Rouen,69,1597,31,17
Rouen,41,1598,69,25
Rouen,56,1599,41,20
Rouen,90,1600,56,16
Salamanca,2,1480,2,24
Salamanca,1,1481,2,24
Salamanca,1,1482,1,23
Salamanca,1,1483,1,25
Salamanca,1,1484,1,24
Salamanca,4,1485,1,19
Salamanca,6,1486,4,19
Salamanca,1,1487,6,23
Salamanca,3,1488,1,21
Salamanca,2,1489,3,20
Salamanca,2,1490,2,26
Salamanca,3,1491,2,22
Salamanca,7,1492,3,19
Salamanca,5,1493,7,21
Salamanca,8,1494,5,20
Salamanca,10,1495,8,18
Salamanca,21,1496,10,15
Salamanca,11,1497,21,16
Salamanca,14,1498,11,15
Salamanca,10,1499,14,16
Salamanca,26,1500,10,17
Salamanca,20,1501,26,14
Salamanca,13,1502,20,14
Salamanca,5,1503,13,24
Salamanca,6,1504,5,22
Salamanca,4,1505,6,22
Salamanca,10,1506,4,18
Salamanca,10,1507,10,17
Salamanca,3,1508,10,23
Salamanca,7,1509,3,24
Salamanca,6,1510,7,24
Salamanca,8,1511,6,19
Salamanca,8,1512,8,23
Salamanca,3,1513,8,26
Salamanca,3,1514,3,28
Salamanca,5,1515,3,28
Salamanca,3,1516,5,29
Salamanca,8,1517,3,22
Salamanca,7,1518,8,25
Salamanca,5,1519,7,27
Salamanca,8,1520,5,26
Salamanca,5,1521,8,27
Salamanca,2,1522,5,31
Salamanca,6,1523,2,28
Salamanca,4,1524,6,27
Salamanca,1,1525,4,31
Salamanca,1,1526,1,32
Salamanca,4,1527,1,28
Salamanca,4,1528,4,26
Salamanca,3,1530,4,33
Salamanca,1,1531,3,32
Salamanca,7,1532,1,24
Salamanca,8,1533,7,23
Salamanca,7,1534,8,23
Salamanca,4,1535,7,28
Salamanca,4,1536,4,27
Salamanca,2,1537,4,32
Salamanca,11,1538,2,23
Salamanca,6,1539,11,28
Salamanca,11,1540,6,27
Salamanca,13,1541,11,21
Salamanca,5,1542,13,29
Salamanca,16,1543,5,23
Salamanca,11,1544,16,25
Salamanca,15,1545,11,21
Salamanca,15,1546,15,23
Salamanca,15,1547,15,20
Salamanca,7,1548,15,28
Salamanca,13,1549,7,25
Salamanca,25,1550,13,25
Salamanca,25,1551,25,19
Salamanca,16,1552,25,23
Salamanca,14,1553,16,25
Salamanca,31,1554,14,18
Salamanca,24,1555,31,20
Salamanca,26,1556,24,18
Salamanca,27,1557,26,18
Salamanca,12,1558,27,29
Salamanca,8,1559,12,30
Salamanca,22,1560,8,23
Salamanca,17,1561,22,23
Salamanca,25,1562,17,23
Salamanca,24,1563,25,20
Salamanca,17,1564,24,26
Salamanca,24,1565,17,22
Salamanca,27,1566,24,21
Salamanca,21,1567,27,24
Salamanca,30,1568,21,21
Salamanca,53,1569,30,16
Salamanca,52,1570,53,17
Salamanca,34,1571,52,19
Salamanca,29,1572,34,21
Salamanca,40,1573,29,18
Salamanca,33,1574,40,20
Salamanca,34,1575,33,20
Salamanca,44,1576,34,17
Salamanca,30,1577,44,20
Salamanca,37,1578,30,20
Salamanca,22,1579,37,24
Salamanca,34,1580,22,22
Salamanca,37,1581,34,18
Salamanca,35,1582,37,20
Salamanca,34,1583,35,20
Salamanca,46,1584,34,18
Salamanca,40,1585,46,23
Salamanca,32,1586,40,26
Salamanca,36,1587,32,25
Salamanca,59,1588,36,18
Salamanca,39,1589,59,23
Salamanca,23,1590,39,30
Salamanca,35,1591,23,24
Salamanca,29,1592,35,25
Salamanca,27,1593,29,24
Salamanca,21,1594,27,30
Salamanca,33,1595,21,27
Salamanca,29,1596,33,28
Salamanca,18,1597,29,30
Salamanca,24,1598,18,30
Salamanca,19,1599,24,33
Salamanca,16,1600,19,33
Sevilla,2,1477,2,16
Sevilla,1,1478,2,18
Sevilla,2,1480,1,23
Sevilla,1,1481,2,23
Sevilla,1,1482,1,22
Sevilla,3,1483,1,20
Sevilla,2,1486,3,23
Sevilla,2,1489,2,22
Sevilla,6,1490,2,20
Sevilla,11,1491,6,15
Sevilla,10,1492,11,17
Sevilla,6,1493,10,19
Sevilla,10,1494,6,19
Sevilla,9,1495,10,19
Sevilla,11,1496,9,18
Sevilla,9,1497,11,17
Sevilla,9,1498,9,18
Sevilla,15,1499,9,15
Sevilla,17,1500,15,20
Sevilla,13,1501,17,16
Sevilla,8,1502,13,17
Sevilla,18,1503,8,13
Sevilla,6,1504,18,19
Sevilla,2,1505,6,26
Sevilla,9,1506,2,19
Sevilla,4,1507,9,22
Sevilla,3,1508,4,24
Sevilla,11,1509,3,20
Sevilla,9,1510,11,21
Sevilla,16,1511,9,16
Sevilla,21,1512,16,15
Sevilla,4,1513,21,25
Sevilla,13,1514,4,18
Sevilla,15,1515,13,22
Sevilla,23,1516,15,14
Sevilla,11,1517,23,21
Sevilla,12,1518,11,21
Sevilla,11,1519,12,23
Sevilla,23,1520,11,20
Sevilla,13,1521,23,21
Sevilla,13,1522,13,20
Sevilla,6,1523,13,26
Sevilla,9,1524,6,22
Sevilla,17,1525,9,17
Sevilla,22,1526,17,16
Sevilla,20,1527,22,15
Sevilla,30,1528,20,15
Sevilla,16,1529,30,16
Sevilla,32,1530,16,16
Sevilla,17,1531,32,19
Sevilla,18,1532,17,19
Sevilla,26,1533,18,13
Sevilla,36,1534,26,13
Sevilla,30,1535,36,16
Sevilla,20,1536,30,17
Sevilla,19,1537,20,17
Sevilla,20,1538,19,17
Sevilla,16,1539,20,20
Sevilla,16,1540,16,20
Sevilla,14,1541,16,20
Sevilla,35,1542,14,14
Sevilla,34,1543,35,17
Sevilla,23,1544,34,19
Sevilla,39,1545,23,15
Sevilla,28,1546,39,19
Sevilla,23,1547,28,17
Sevilla,29,1548,23,19
Sevilla,19,1549,29,22
Sevilla,29,1550,19,22
Sevilla,17,1551,29,24
Sevilla,25,1552,17,18
Sevilla,9,1553,25,28
Sevilla,15,1554,9,26
Sevilla,14,1555,15,25
Sevilla,7,1556,14,32
Sevilla,2,1557,7,35
Sevilla,7,1558,2,31
Sevilla,4,1559,7,33
Sevilla,4,1560,4,35
Sevilla,1,1561,4,35
Sevilla,10,1562,1,29
Sevilla,7,1563,10,33
Sevilla,5,1564,7,34
Sevilla,8,1565,5,33
Sevilla,2,1566,8,36
Sevilla,9,1567,2,35
Sevilla,6,1568,9,34
Sevilla,14,1569,6,28
Sevilla,14,1570,14,28
Sevilla,13,1571,14,31
Sevilla,11,1572,13,31
Sevilla,7,1573,11,33
Sevilla,10,1574,7,32
Sevilla,10,1575,10,31
Sevilla,8,1576,10,34
Sevilla,8,1577,8,33
Sevilla,5,1578,8,33
Sevilla,5,1579,5,35
Sevilla,20,1580,5,28
Sevilla,5,1581,20,34
Sevilla,18,1582,5,30
Sevilla,11,1583,18,32
Sevilla,11,1584,11,32
Sevilla,9,1585,11,33
Sevilla,12,1586,9,33
Sevilla,16,1587,12,33
Sevilla,13,1588,16,34
Sevilla,4,1589,13,35
Sevilla,6,1590,4,36
Sevilla,6,1591,6,33
Sevilla,4,1592,6,32
Sevilla,4,1593,4,35
Sevilla,7,1594,4,34
Sevilla,10,1595,7,34
Sevilla,25,1596,10,30
Sevilla,7,1597,25,34
Sevilla,22,1598,7,31
Sevilla,33,1599,22,26
Sevilla,7,1600,33,35
Strasbourg,17,1470,17,4
Strasbourg,9,1471,17,5
Strasbourg,23,1472,9,4
Strasbourg,33,1473,23,4
Strasbourg,26,1474,33,5
Strasbourg,34,1475,26,5
Strasbourg,25,1476,34,6
Strasbourg,24,1477,25,7
Strasbourg,21,1478,24,7
Strasbourg,39,1479,21,3
Strasbourg,13,1480,39,12
Strasbourg,19,1481,13,9
Strasbourg,33,1482,19,6
Strasbourg,55,1483,33,3
Strasbourg,36,1484,55,4
Strasbourg,35,1485,36,8
Strasbourg,40,1486,35,4
Strasbourg,40,1487,40,5
Strasbourg,50,1488,40,5
Strasbourg,44,1489,50,7
Strasbourg,65,1490,44,8
Strasbourg,30,1491,65,9
Strasbourg,15,1492,30,14
Strasbourg,50,1493,15,5
Strasbourg,29,1494,50,10
Strasbourg,46,1495,29,11
Strasbourg,40,1496,46,9
Strasbourg,34,1497,40,9
Strasbourg,36,1498,34,7
Strasbourg,57,1499,36,5
Strasbourg,118,1500,57,7
Strasbourg,39,1501,118,7
Strasbourg,50,1502,39,4
Strasbourg,44,1503,50,6
Strasbourg,40,1504,44,6
Strasbourg,63,1505,40,6
Strasbourg,50,1506,63,6
Strasbourg,61,1507,50,4
Strasbourg,71,1508,61,6
Strasbourg,80,1509,71,4
Strasbourg,90,1510,80,5
Strasbourg,65,1511,90,5
Strasbourg,87,1512,65,5
Strasbourg,101,1513,87,3
Strasbourg,87,1514,101,5
Strasbourg,121,1515,87,4
Strasbourg,102,1516,121,5
Strasbourg,67,1517,102,5
Strasbourg,83,1518,67,5
Strasbourg,105,1519,83,6
Strasbourg,155,1520,105,4
Strasbourg,140,1521,155,3
Strasbourg,171,1522,140,3
Strasbourg,214,1523,171,2
Strasbourg,219,1524,214,2
Strasbourg,177,1525,219,3
Strasbourg,84,1526,177,8
Strasbourg,93,1527,84,5
Strasbourg,65,1528,93,9
Strasbourg,111,1529,65,6
Strasbourg,113,1530,111,6
Strasbourg,54,1531,113,11
Strasbourg,36,1532,54,12
Strasbourg,50,1533,36,11
Strasbourg,62,1534,50,10
Strasbourg,79,1535,62,10
Strasbourg,77,1536,79,9
Strasbourg,69,1537,77,10
Strasbourg,88,1538,69,7
Strasbourg,122,1539,88,4
Strasbourg,116,1540,122,6
Strasbourg,77,1541,116,7
Strasbourg,81,1542,77,8
Strasbourg,57,1543,81,11
Strasbourg,74,1544,57,10
Strasbourg,88,1545,74,11
Strasbourg,85,1546,88,10
Strasbourg,28,1547,85,15
Strasbourg,29,1548,28,18
Strasbourg,38,1549,29,15
Strasbourg,49,1550,38,16
Strasbourg,47,1551,49,15
Strasbourg,37,1552,47,16
Strasbourg,29,1553,37,18
Strasbourg,54,1554,29,15
Strasbourg,80,1555,54,10
Strasbourg,67,1556,80,12
Strasbourg,69,1557,67,11
Strasbourg,59,1558,69,13
Strasbourg,47,1559,59,15
Strasbourg,90,1560,47,11
Strasbourg,53,1561,90,15
Strasbourg,57,1562,53,15
Strasbourg,52,1563,57,16
Strasbourg,71,1564,52,13
Strasbourg,64,1565,71,14
Strasbourg,60,1566,64,18
Strasbourg,56,1567,60,15
Strasbourg,65,1568,56,14
Strasbourg,42,1569,65,17
Strasbourg,77,1570,42,13
Strasbourg,47,1571,77,16
Strasbourg,48,1572,47,16
Strasbourg,44,1573,48,17
Strasbourg,52,1574,44,15
Strasbourg,73,1575,52,12
Strasbourg,48,1576,73,16
Strasbourg,50,1577,48,15
Strasbourg,71,1578,50,12
Strasbourg,36,1579,71,19
Strasbourg,67,1580,36,14
Strasbourg,60,1581,67,15
Strasbourg,51,1582,60,15
Strasbourg,58,1583,51,15
Strasbourg,44,1584,58,20
Strasbourg,60,1585,44,17
Strasbourg,73,1586,60,14
Strasbourg,62,1587,73,18
Strasbourg,59,1588,62,17
Strasbourg,66,1589,59,15
Strasbourg,91,1590,66,11
Strasbourg,57,1591,91,16
Strasbourg,121,1592,57,7
Strasbourg,61,1593,121,15
Strasbourg,78,1594,61,15
Strasbourg,67,1595,78,15
Strasbourg,71,1596,67,17
Strasbourg,99,1597,71,14
Strasbourg,63,1598,99,18
Strasbourg,44,1599,63,25
Strasbourg,49,1600,44,23
Toulouse,4,1472,4,12
Toulouse,6,1475,4,13
Toulouse,15,1476,6,10
Toulouse,1,1477,15,17
Toulouse,1,1478,1,19
Toulouse,10,1479,1,12
Toulouse,10,1480,10,15
Toulouse,3,1481,10,19
Toulouse,1,1482,3,21
Toulouse,12,1484,1,13
Toulouse,6,1485,12,18
Toulouse,4,1486,6,22
Toulouse,20,1488,4,14
Toulouse,7,1489,20,16
Toulouse,6,1490,7,19
Toulouse,2,1491,6,24
Toulouse,3,1492,2,25
Toulouse,12,1494,3,18
Toulouse,1,1495,12,27
Toulouse,2,1496,1,26
Toulouse,2,1497,2,27
Toulouse,2,1502,2,23
Toulouse,3,1504,2,26
Toulouse,2,1505,3,27
Toulouse,1,1507,2,27
Toulouse,3,1508,1,26
Toulouse,2,1509,3,27
Toulouse,1,1510,2,29
Toulouse,1,1512,1,32
Toulouse,2,1513,1,28
Toulouse,1,1514,2,31
Toulouse,3,1515,1,30
Toulouse,4,1516,3,27
Toulouse,6,1517,4,23
Toulouse,4,1518,6,27
Toulouse,14,1519,4,21
Toulouse,19,1520,14,22
Toulouse,8,1521,19,24
Toulouse,10,1522,8,21
Toulouse,11,1523,10,21
Toulouse,5,1524,11,26
Toulouse,3,1525,5,28
Toulouse,7,1526,3,24
Toulouse,3,1527,7,29
Toulouse,3,1528,3,30
Toulouse,8,1529,3,21
Toulouse,10,1530,8,21
Toulouse,5,1531,10,25
Toulouse,14,1532,5,21
Toulouse,6,1533,14,27
Toulouse,7,1534,6,24
Toulouse,15,1535,7,20
Toulouse,14,1536,15,19
Toulouse,8,1537,14,22
Toulouse,21,1538,8,16
Toulouse,13,1539,21,22
Toulouse,15,1540,13,22
Toulouse,12,1541,15,22
Toulouse,8,1542,12,25
Toulouse,18,1543,8,21
Toulouse,14,1544,18,23
Toulouse,13,1545,14,23
Toulouse,14,1546,13,24
Toulouse,8,1547,14,28
Toulouse,11,1548,8,26
Toulouse,7,1549,11,27
Toulouse,7,1550,7,30
Toulouse,11,1551,7,27
Toulouse,23,1552,11,19
Toulouse,16,1553,23,23
Toulouse,17,1554,16,25
Toulouse,18,1555,17,21
Toulouse,9,1556,18,29
Toulouse,8,1557,9,32
Toulouse,20,1558,8,23
Toulouse,14,1559,20,27
Toulouse,5,1560,14,34
Toulouse,7,1561,5,32
Toulouse,14,1562,7,28
Toulouse,18,1563,14,26
Toulouse,13,1564,18,29
Toulouse,18,1565,13,27
Toulouse,11,1566,18,32
Toulouse,12,1567,11,30
Toulouse,19,1568,12,27
Toulouse,2,1569,19,35
Toulouse,6,1570,2,34
Toulouse,10,1572,6,33
Toulouse,5,1573,10,34
Toulouse,2,1574,5,36
Toulouse,3,1576,2,36
Toulouse,1,1577,3,36
Toulouse,2,1578,1,36
Toulouse,2,1579,2,36
Toulouse,3,1580,2,36
Toulouse,4,1581,3,35
Toulouse,1,1582,4,36
Toulouse,1,1583,1,36
Toulouse,1,1584,1,36
Toulouse,3,1585,1,36
Toulouse,1,1586,3,36
Toulouse,4,1587,1,35
Toulouse,7,1588,4,36
Toulouse,42,1589,7,22
Toulouse,12,1590,42,32
Toulouse,7,1591,12,32
Toulouse,2,1592,7,35
Toulouse,12,1593,2,32
Toulouse,6,1594,12,36
Toulouse,5,1595,6,36
Toulouse,9,1596,5,36
Toulouse,8,1597,9,33
Toulouse,4,1598,8,36
Toulouse,4,1599,4,36
Toulouse,8,1600,4,34
Tuebingen,6,1498,6,23
Tuebingen,9,1499,6,18
Tuebingen,7,1500,9,25
Tuebingen,5,1501,7,23
Tuebingen,8,1511,5,21
Tuebingen,14,1512,8,16
Tuebingen,16,1513,14,17
Tuebingen,12,1514,16,19
Tuebingen,17,1515,12,21
Tuebingen,9,1516,17,23
Tuebingen,9,1523,9,23
Tuebingen,6,1524,9,23
Tuebingen,12,1525,6,20
Tuebingen,13,1526,12,21
Tuebingen,11,1527,13,17
Tuebingen,10,1528,11,18
Tuebingen,7,1529,10,22
Tuebingen,6,1530,7,26
Tuebingen,6,1531,6,24
Tuebingen,5,1532,6,25
Tuebingen,9,1533,5,22
Tuebingen,8,1534,9,21
Tuebingen,9,1535,8,24
Tuebingen,5,1536,9,25
Tuebingen,5,1537,5,28
Tuebingen,5,1538,5,27
Tuebingen,4,1539,5,29
Tuebingen,9,1540,4,29
Tuebingen,3,1541,9,30
Tuebingen,4,1542,3,32
Tuebingen,4,1543,4,33
Tuebingen,9,1544,4,29
Tuebingen,7,1545,9,29
Tuebingen,5,1546,7,32
Tuebingen,3,1547,5,32
Tuebingen,5,1548,3,30
Tuebingen,2,1549,5,32
Tuebingen,7,1550,2,32
Tuebingen,6,1551,7,30
Tuebingen,18,1552,6,21
Tuebingen,24,1553,18,19
Tuebingen,21,1554,24,21
Tuebingen,14,1555,21,24
Tuebingen,16,1556,14,22
Tuebingen,18,1557,16,22
Tuebingen,20,1558,18,22
Tuebingen,14,1559,20,26
Tuebingen,18,1560,14,25
Tuebingen,27,1561,18,19
Tuebingen,37,1562,27,18
Tuebingen,21,1563,37,23
Tuebingen,26,1564,21,22
Tuebingen,37,1565,26,17
Tuebingen,17,1566,37,26
Tuebingen,23,1567,17,23
Tuebingen,35,1568,23,19
Tuebingen,29,1569,35,20
Tuebingen,25,1570,29,23
Tuebingen,22,1571,25,23
Tuebingen,25,1572,22,22
Tuebingen,30,1573,25,20
Tuebingen,34,1574,30,19
Tuebingen,39,1575,34,19
Tuebingen,31,1576,39,22
Tuebingen,23,1577,31,23
Tuebingen,40,1578,23,19
Tuebingen,39,1579,40,18
Tuebingen,54,1580,39,17
Tuebingen,46,1581,54,16
Tuebingen,46,1582,46,16
Tuebingen,57,1583,46,16
Tuebingen,61,1584,57,16
Tuebingen,72,1585,61,14
Tuebingen,85,1586,72,10
Tuebingen,63,1587,85,16
Tuebingen,80,1588,63,13
Tuebingen,96,1589,80,10
Tuebingen,66,1590,96,18
Tuebingen,55,1591,66,18
Tuebingen,74,1592,55,15
Tuebingen,60,1593,74,16
Tuebingen,40,1594,60,20
Tuebingen,50,1595,40,20
Tuebingen,95,1596,50,15
Tuebingen,100,1597,95,13
Tuebingen,52,1598,100,20
Tuebingen,67,1599,52,17
Tuebingen,56,1600,67,22
Venezia,1,1455,1,2
Venezia,1,1461,1,2
Venezia,1,1468,1,4
Venezia,3,1469,1,3
Venezia,22,1470,3,3
Venezia,72,1471,22,1
Venezia,75,1472,72,1
Venezia,31,1473,75,5
Venezia,45,1474,31,2
Venezia,62,1475,45,3
Venezia,61,1476,62,1
Venezia,65,1477,61,1
Venezia,74,1478,65,1
Venezia,42,1479,74,1
Venezia,82,1480,42,1
Venezia,96,1481,82,1
Venezia,84,1482,96,1
Venezia,93,1483,84,1
Venezia,79,1484,93,1
Venezia,96,1485,79,2
Venezia,96,1486,96,1
Venezia,89,1487,96,1
Venezia,101,1488,89,2
Venezia,89,1489,101,1
Venezia,144,1490,89,1
Venezia,130,1491,144,1
Venezia,141,1492,130,1
Venezia,139,1493,141,2
Venezia,154,1494,139,2
Venezia,151,1495,154,3
Venezia,132,1496,151,1
Venezia,135,1497,132,2
Venezia,145,1498,135,2
Venezia,167,1499,145,2
Venezia,313,1500,167,2
Venezia,133,1501,313,2
Venezia,156,1502,133,2
Venezia,148,1503,156,2
Venezia,130,1504,148,1
Venezia,146,1505,130,2
Venezia,126,1506,146,2
Venezia,122,1507,126,2
Venezia,148,1508,122,2
Venezia,73,1509,148,5
Venezia,73,1510,73,7
Venezia,90,1511,73,3
Venezia,87,1512,90,4
Venezia,101,1513,87,2
Venezia,113,1514,101,2
Venezia,126,1515,113,3
Venezia,129,1516,126,2
Venezia,133,1517,129,2
Venezia,153,1518,133,3
Venezia,120,1519,153,4
Venezia,134,1520,120,6
Venezia,136,1521,134,4
Venezia,168,1522,136,4
Venezia,139,1523,168,5
Venezia,152,1524,139,5
Venezia,168,1525,152,4
Venezia,174,1526,168,2
Venezia,111,1527,174,3
Venezia,94,1528,111,4
Venezia,66,1529,94,9
Venezia,104,1530,66,7
Venezia,119,1531,104,5
Venezia,119,1532,119,3
Venezia,135,1533,119,3
Venezia,176,1534,135,3
Venezia,201,1535,176,3
Venezia,180,1536,201,3
Venezia,198,1537,180,3
Venezia,231,1538,198,3
Venezia,190,1539,231,3
Venezia,198,1540,190,4
Venezia,198,1541,198,3
Venezia,209,1542,198,3
Venezia,269,1543,209,3
Venezia,264,1544,269,3
Venezia,277,1545,264,3
Venezia,225,1546,277,3
Venezia,250,1547,225,3
Venezia,263,1548,250,3
Venezia,279,1549,263,3
Venezia,331,1550,279,3
Venezia,254,1551,331,3
Venezia,299,1552,254,2
Venezia,290,1553,299,2
Venezia,293,1554,290,3
Venezia,283,1555,293,3
Venezia,279,1556,283,3
Venezia,258,1557,279,3
Venezia,334,1558,258,3
Venezia,275,1559,334,3
Venezia,370,1560,275,4
Venezia,319,1561,370,3
Venezia,372,1562,319,2
Venezia,334,1563,372,2
Venezia,350,1564,334,2
Venezia,388,1565,350,2
Venezia,358,1566,388,2
Venezia,340,1567,358,2
Venezia,396,1568,340,2
Venezia,382,1569,396,2
Venezia,385,1570,382,1
Venezia,332,1571,385,2
Venezia,407,1572,332,2
Venezia,310,1573,407,2
Venezia,386,1574,310,2
Venezia,408,1575,386,2
Venezia,274,1576,408,2
Venezia,143,1577,274,5
Venezia,265,1578,143,2
Venezia,265,1579,265,2
Venezia,337,1580,265,2
Venezia,341,1581,337,2
Venezia,358,1582,341,2
Venezia,343,1583,358,2
Venezia,434,1584,343,2
Venezia,418,1585,434,2
Venezia,436,1586,418,2
Venezia,430,1587,436,2
Venezia,421,1588,430,2
Venezia,335,1589,421,2
Venezia,307,1590,335,1
Venezia,281,1591,307,2
Venezia,302,1592,281,1
Venezia,247,1593,302,1
Venezia,222,1594,247,4
Venezia,266,1595,222,3
Venezia,335,1596,266,2
Venezia,328,1597,335,2
Venezia,315,1598,328,2
Venezia,356,1599,315,2
Venezia,308,1600,356,3
Wittenberg,2,1502,2,24
Wittenberg,10,1503,2,16
Wittenberg,6,1504,10,20
Wittenberg,15,1505,6,16
Wittenberg,9,1508,15,20
Wittenberg,13,1509,9,19
Wittenberg,8,1510,13,22
Wittenberg,12,1511,8,17
Wittenberg,11,1512,12,20
Wittenberg,10,1513,11,23
Wittenberg,8,1514,10,23
Wittenberg,8,1515,8,25
Wittenberg,11,1516,8,22
Wittenberg,5,1517,11,24
Wittenberg,29,1518,5,14
Wittenberg,46,1519,29,11
Wittenberg,109,1520,46,8
Wittenberg,105,1521,109,7
Wittenberg,83,1522,105,8
Wittenberg,128,1523,83,6
Wittenberg,111,1524,128,6
Wittenberg,153,1525,111,5
Wittenberg,97,1526,153,6
Wittenberg,72,1527,97,8
Wittenberg,59,1528,72,11
Wittenberg,85,1529,59,7
Wittenberg,100,1530,85,8
Wittenberg,91,1531,100,6
Wittenberg,72,1532,91,9
Wittenberg,87,1533,72,6
Wittenberg,83,1534,87,6
Wittenberg,92,1535,83,6
Wittenberg,88,1536,92,6
Wittenberg,113,1537,88,4
Wittenberg,104,1538,113,5
Wittenberg,91,1539,104,6
Wittenberg,72,1540,91,11
Wittenberg,101,1541,72,5
Wittenberg,111,1542,101,5
Wittenberg,83,1543,111,8
Wittenberg,79,1544,83,9
Wittenberg,100,1545,79,8
Wittenberg,157,1546,100,4
Wittenberg,36,1547,157,10
Wittenberg,60,1548,36,9
Wittenberg,79,1549,60,7
Wittenberg,137,1550,79,7
Wittenberg,150,1551,137,4
Wittenberg,98,1552,150,6
Wittenberg,93,1553,98,7
Wittenberg,120,1554,93,5
Wittenberg,124,1555,120,7
Wittenberg,172,1556,124,5
Wittenberg,171,1557,172,4
Wittenberg,183,1558,171,4
Wittenberg,167,1559,183,4
Wittenberg,184,1560,167,5
Wittenberg,139,1561,184,5
Wittenberg,151,1562,139,5
Wittenberg,166,1563,151,4
Wittenberg,142,1564,166,5
Wittenberg,134,1565,142,6
Wittenberg,133,1566,134,6
Wittenberg,93,1567,133,7
Wittenberg,120,1568,93,5
Wittenberg,115,1569,120,6
Wittenberg,163,1570,115,6
Wittenberg,150,1571,163,5
Wittenberg,109,1572,150,7
Wittenberg,87,1573,109,6
Wittenberg,88,1574,87,9
Wittenberg,79,1575,88,10
Wittenberg,70,1576,79,10
Wittenberg,66,1577,70,11
Wittenberg,52,1578,66,13
Wittenberg,70,1579,52,10
Wittenberg,103,1580,70,10
Wittenberg,110,1581,103,6
Wittenberg,101,1582,110,7
Wittenberg,75,1583,101,14
Wittenberg,116,1584,75,7
Wittenberg,116,1585,116,7
Wittenberg,148,1586,116,7
Wittenberg,134,1587,148,7
Wittenberg,120,1588,134,7
Wittenberg,77,1589,120,13
Wittenberg,76,1590,77,16
Wittenberg,90,1591,76,12
Wittenberg,83,1592,90,14
Wittenberg,209,1593,83,2
Wittenberg,152,1594,209,7
Wittenberg,163,1595,152,5
Wittenberg,190,1596,163,6
Wittenberg,147,1597,190,7
Wittenberg,148,1598,147,7
Wittenberg,158,1599,148,5
Wittenberg,133,1600,158,10
